line,from_id,to_id,from_name,to_name,from_name_clean,to_name_clean
bakerloo,940GZZLUEAC,940GZZLULBN,elephant and castle,lambeth north,elephant and castle,lambeth north
bakerloo,940GZZLULBN,940GZZLUWLO,lambeth north,waterloo,lambeth north,waterloo
bakerloo,940GZZLUWLO,940GZZLUEMB,waterloo,embankment,waterloo,embankment
bakerloo,940GZZLUEMB,940GZZLUCHX,embankment,charing cross,embankment,charing cross
bakerloo,940GZZLUCHX,940GZZLUPCC,charing cross,piccadilly circus,charing cross,piccadilly circus
bakerloo,940GZZLUPCC,940GZZLUOXC,piccadilly circus,oxford circus,piccadilly circus,oxford circus
bakerloo,940GZZLUOXC,940GZZLURGP,oxford circus,regents park,oxford circus,regents park
bakerloo,940GZZLURGP,940GZZLUBST,regents park,baker street,regents park,baker street
bakerloo,940GZZLUBST,940GZZLUMYB,baker street,marylebone,baker street,marylebone
bakerloo,940GZZLUMYB,940GZZLUERB,marylebone,edgware road (bakerloo),marylebone,edgware road (bakerloo)
bakerloo,940GZZLUERB,940GZZLUPAC,edgware road (bakerloo),paddington,edgware road (bakerloo),paddington
bakerloo,940GZZLUPAC,940GZZLUWKA,paddington,warwick avenue,paddington,warwick avenue
bakerloo,940GZZLUWKA,940GZZLUMVL,warwick avenue,maida vale,warwick avenue,maida vale
bakerloo,940GZZLUMVL,940GZZLUKPK,maida vale,kilburn park,maida vale,kilburn park
bakerloo,940GZZLUKPK,940GZZLUQPS,kilburn park,queens park,kilburn park,queens park
bakerloo,940GZZLUQPS,940GZZLUKSL,queens park,kensal green,queens park,kensal green
bakerloo,940GZZLUKSL,940GZZLUWJN,kensal green,willesden junction,kensal green,willesden junction
bakerloo,940GZZLUWJN,940GZZLUHSN,willesden junction,harlesden,willesden junction,harlesden
bakerloo,940GZZLUHSN,940GZZLUSGP,harlesden,stonebridge park,harlesden,stonebridge park
bakerloo,940GZZLUSGP,940GZZLUWYC,stonebridge park,wembley central,stonebridge park,wembley central
bakerloo,940GZZLUWYC,940GZZLUNWY,wembley central,north wembley,wembley central,north wembley
bakerloo,940GZZLUNWY,940GZZLUSKT,north wembley,south kenton,north wembley,south kenton
bakerloo,940GZZLUSKT,940GZZLUKEN,south kenton,kenton,south kenton,kenton
bakerloo,940GZZLUKEN,940GZZLUHAW,kenton,harrow and wealdstone,kenton,harrow and wealdstone
bakerloo,940GZZLUHAW,940GZZLUKEN,harrow and wealdstone,kenton,harrow and wealdstone,kenton
bakerloo,940GZZLUKEN,940GZZLUSKT,kenton,south kenton,kenton,south kenton
bakerloo,940GZZLUSKT,940GZZLUNWY,south kenton,north wembley,south kenton,north wembley
bakerloo,940GZZLUNWY,940GZZLUWYC,north wembley,wembley central,north wembley,wembley central
bakerloo,940GZZLUWYC,940GZZLUSGP,wembley central,stonebridge park,wembley central,stonebridge park
bakerloo,940GZZLUSGP,940GZZLUHSN,stonebridge park,harlesden,stonebridge park,harlesden
bakerloo,940GZZLUHSN,940GZZLUWJN,harlesden,willesden junction,harlesden,willesden junction
bakerloo,940GZZLUWJN,940GZZLUKSL,willesden junction,kensal green,willesden junction,kensal green
bakerloo,940GZZLUKSL,940GZZLUQPS,kensal green,queens park,kensal green,queens park
bakerloo,940GZZLUQPS,940GZZLUKPK,queens park,kilburn park,queens park,kilburn park
bakerloo,940GZZLUKPK,940GZZLUMVL,kilburn park,maida vale,kilburn park,maida vale
bakerloo,940GZZLUMVL,940GZZLUWKA,maida vale,warwick avenue,maida vale,warwick avenue
bakerloo,940GZZLUWKA,940GZZLUPAC,warwick avenue,paddington,warwick avenue,paddington
bakerloo,940GZZLUPAC,940GZZLUERB,paddington,edgware road (bakerloo),paddington,edgware road (bakerloo)
bakerloo,940GZZLUERB,940GZZLUMYB,edgware road (bakerloo),marylebone,edgware road (bakerloo),marylebone
bakerloo,940GZZLUMYB,940GZZLUBST,marylebone,baker street,marylebone,baker street
bakerloo,940GZZLUBST,940GZZLURGP,baker street,regents park,baker street,regents park
bakerloo,940GZZLURGP,940GZZLUOXC,regents park,oxford circus,regents park,oxford circus
bakerloo,940GZZLUOXC,940GZZLUPCC,oxford circus,piccadilly circus,oxford circus,piccadilly circus
bakerloo,940GZZLUPCC,940GZZLUCHX,piccadilly circus,charing cross,piccadilly circus,charing cross
bakerloo,940GZZLUCHX,940GZZLUEMB,charing cross,embankment,charing cross,embankment
bakerloo,940GZZLUEMB,940GZZLUWLO,embankment,waterloo,embankment,waterloo
bakerloo,940GZZLUWLO,940GZZLULBN,waterloo,lambeth north,waterloo,lambeth north
bakerloo,940GZZLULBN,940GZZLUEAC,lambeth north,elephant and castle,lambeth north,elephant and castle
central,940GZZLUEBY,940GZZLUWTA,ealing broadway,west acton,ealing broadway,west acton
central,940GZZLUWTA,940GZZLUNAN,west acton,north acton,west acton,north acton
central,940GZZLUNAN,940GZZLUEAN,north acton,east acton,north acton,east acton
central,940GZZLUEAN,940GZZLUWCY,east acton,white city,east acton,white city
central,940GZZLUWCY,940GZZLUSBC,white city,shepherds bush (central),white city,shepherds bush (central)
central,940GZZLUSBC,940GZZLUHPK,shepherds bush (central),holland park,shepherds bush (central),holland park
central,940GZZLUHPK,940GZZLUNHG,holland park,notting hill gate,holland park,notting hill gate
central,940GZZLUNHG,940GZZLUQWY,notting hill gate,queensway,notting hill gate,queensway
central,940GZZLUQWY,940GZZLULGT,queensway,lancaster gate,queensway,lancaster gate
central,940GZZLULGT,940GZZLUMBA,lancaster gate,marble arch,lancaster gate,marble arch
central,940GZZLUMBA,940GZZLUBND,marble arch,bond street,marble arch,bond street
central,940GZZLUBND,940GZZLUOXC,bond street,oxford circus,bond street,oxford circus
central,940GZZLUOXC,940GZZLUTCR,oxford circus,tottenham court road,oxford circus,tottenham court road
central,940GZZLUTCR,940GZZLUHBN,tottenham court road,holborn,tottenham court road,holborn
central,940GZZLUHBN,940GZZLUCHL,holborn,chancery lane,holborn,chancery lane
central,940GZZLUCHL,940GZZLUSPU,chancery lane,st. pauls,chancery lane,st. pauls
central,940GZZLUSPU,940GZZLUBNK,st. pauls,bank,st. pauls,bank
central,940GZZLUBNK,940GZZLULVT,bank,liverpool street,bank,liverpool street
central,940GZZLULVT,940GZZLUBLG,liverpool street,bethnal green,liverpool street,bethnal green
central,940GZZLUBLG,940GZZLUMED,bethnal green,mile end,bethnal green,mile end
central,940GZZLUMED,940GZZLUSTD,mile end,stratford,mile end,stratford
central,940GZZLUSTD,940GZZLULYN,stratford,leyton,stratford,leyton
central,940GZZLULYN,940GZZLULYS,leyton,leytonstone,leyton,leytonstone
central,940GZZLULYS,940GZZLUSNB,leytonstone,snaresbrook,leytonstone,snaresbrook
central,940GZZLUSNB,940GZZLUSWF,snaresbrook,south woodford,snaresbrook,south woodford
central,940GZZLUSWF,940GZZLUWOF,south woodford,woodford,south woodford,woodford
central,940GZZLUWOF,940GZZLUBKH,woodford,buckhurst hill,woodford,buckhurst hill
central,940GZZLUBKH,940GZZLULGN,buckhurst hill,loughton,buckhurst hill,loughton
central,940GZZLULGN,940GZZLUDBN,loughton,debden,loughton,debden
central,940GZZLUDBN,940GZZLUTHB,debden,theydon bois,debden,theydon bois
central,940GZZLUTHB,940GZZLUEPG,theydon bois,epping,theydon bois,epping
central,940GZZLULYS,940GZZLUWSD,leytonstone,wanstead,leytonstone,wanstead
central,940GZZLUWSD,940GZZLURBG,wanstead,redbridge,wanstead,redbridge
central,940GZZLURBG,940GZZLUGTH,redbridge,gants hill,redbridge,gants hill
central,940GZZLUGTH,940GZZLUNBP,gants hill,newbury park,gants hill,newbury park
central,940GZZLUNBP,940GZZLUBKE,newbury park,barkingside,newbury park,barkingside
central,940GZZLUBKE,940GZZLUFLP,barkingside,fairlop,barkingside,fairlop
central,940GZZLUFLP,940GZZLUHLT,fairlop,hainault,fairlop,hainault
central,940GZZLUEPG,940GZZLUTHB,epping,theydon bois,epping,theydon bois
central,940GZZLUTHB,940GZZLUDBN,theydon bois,debden,theydon bois,debden
central,940GZZLUDBN,940GZZLULGN,debden,loughton,debden,loughton
central,940GZZLULGN,940GZZLUBKH,loughton,buckhurst hill,loughton,buckhurst hill
central,940GZZLUBKH,940GZZLUWOF,buckhurst hill,woodford,buckhurst hill,woodford
central,940GZZLUWOF,940GZZLUSWF,woodford,south woodford,woodford,south woodford
central,940GZZLUSWF,940GZZLUSNB,south woodford,snaresbrook,south woodford,snaresbrook
central,940GZZLUSNB,940GZZLULYS,snaresbrook,leytonstone,snaresbrook,leytonstone
central,940GZZLULYS,940GZZLULYN,leytonstone,leyton,leytonstone,leyton
central,940GZZLULYN,940GZZLUSTD,leyton,stratford,leyton,stratford
central,940GZZLUSTD,940GZZLUMED,stratford,mile end,stratford,mile end
central,940GZZLUMED,940GZZLUBLG,mile end,bethnal green,mile end,bethnal green
central,940GZZLUBLG,940GZZLULVT,bethnal green,liverpool street,bethnal green,liverpool street
central,940GZZLULVT,940GZZLUBNK,liverpool street,bank,liverpool street,bank
central,940GZZLUBNK,940GZZLUSPU,bank,st. pauls,bank,st. pauls
central,940GZZLUSPU,940GZZLUCHL,st. pauls,chancery lane,st. pauls,chancery lane
central,940GZZLUCHL,940GZZLUHBN,chancery lane,holborn,chancery lane,holborn
central,940GZZLUHBN,940GZZLUTCR,holborn,tottenham court road,holborn,tottenham court road
central,940GZZLUTCR,940GZZLUOXC,tottenham court road,oxford circus,tottenham court road,oxford circus
central,940GZZLUOXC,940GZZLUBND,oxford circus,bond street,oxford circus,bond street
central,940GZZLUBND,940GZZLUMBA,bond street,marble arch,bond street,marble arch
central,940GZZLUMBA,940GZZLULGT,marble arch,lancaster gate,marble arch,lancaster gate
central,940GZZLULGT,940GZZLUQWY,lancaster gate,queensway,lancaster gate,queensway
central,940GZZLUQWY,940GZZLUNHG,queensway,notting hill gate,queensway,notting hill gate
central,940GZZLUNHG,940GZZLUHPK,notting hill gate,holland park,notting hill gate,holland park
central,940GZZLUHPK,940GZZLUSBC,holland park,shepherds bush (central),holland park,shepherds bush (central)
central,940GZZLUSBC,940GZZLUWCY,shepherds bush (central),white city,shepherds bush (central),white city
central,940GZZLUWCY,940GZZLUEAN,white city,east acton,white city,east acton
central,940GZZLUEAN,940GZZLUNAN,east acton,north acton,east acton,north acton
central,940GZZLUNAN,940GZZLUHGR,north acton,hanger lane,north acton,hanger lane
central,940GZZLUHGR,940GZZLUPVL,hanger lane,perivale,hanger lane,perivale
central,940GZZLUPVL,940GZZLUGFD,perivale,greenford,perivale,greenford
central,940GZZLUGFD,940GZZLUNHT,greenford,northolt,greenford,northolt
central,940GZZLUNHT,940GZZLUSRP,northolt,south ruislip,northolt,south ruislip
central,940GZZLUSRP,940GZZLURSG,south ruislip,ruislip gardens,south ruislip,ruislip gardens
central,940GZZLURSG,940GZZLUWRP,ruislip gardens,west ruislip,ruislip gardens,west ruislip
central,940GZZLUNAN,940GZZLUWTA,north acton,west acton,north acton,west acton
central,940GZZLUWTA,940GZZLUEBY,west acton,ealing broadway,west acton,ealing broadway
central,940GZZLUHLT,940GZZLUFLP,hainault,fairlop,hainault,fairlop
central,940GZZLUFLP,940GZZLUBKE,fairlop,barkingside,fairlop,barkingside
central,940GZZLUBKE,940GZZLUNBP,barkingside,newbury park,barkingside,newbury park
central,940GZZLUNBP,940GZZLUGTH,newbury park,gants hill,newbury park,gants hill
central,940GZZLUGTH,940GZZLURBG,gants hill,redbridge,gants hill,redbridge
central,940GZZLURBG,940GZZLUWSD,redbridge,wanstead,redbridge,wanstead
central,940GZZLUWSD,940GZZLULYS,wanstead,leytonstone,wanstead,leytonstone
central,940GZZLUHLT,940GZZLUGGH,hainault,grange hill,hainault,grange hill
central,940GZZLUGGH,940GZZLUCWL,grange hill,chigwell,grange hill,chigwell
central,940GZZLUCWL,940GZZLURVY,chigwell,roding valley,chigwell,roding valley
central,940GZZLURVY,940GZZLUWOF,roding valley,woodford,roding valley,woodford
central,940GZZLUWRP,940GZZLURSG,west ruislip,ruislip gardens,west ruislip,ruislip gardens
central,940GZZLURSG,940GZZLUSRP,ruislip gardens,south ruislip,ruislip gardens,south ruislip
central,940GZZLUSRP,940GZZLUNHT,south ruislip,northolt,south ruislip,northolt
central,940GZZLUNHT,940GZZLUGFD,northolt,greenford,northolt,greenford
central,940GZZLUGFD,940GZZLUPVL,greenford,perivale,greenford,perivale
central,940GZZLUPVL,940GZZLUHGR,perivale,hanger lane,perivale,hanger lane
central,940GZZLUHGR,940GZZLUNAN,hanger lane,north acton,hanger lane,north acton
central,940GZZLUWOF,940GZZLURVY,woodford,roding valley,woodford,roding valley
central,940GZZLURVY,940GZZLUCWL,roding valley,chigwell,roding valley,chigwell
central,940GZZLUCWL,940GZZLUGGH,chigwell,grange hill,chigwell,grange hill
central,940GZZLUGGH,940GZZLUHLT,grange hill,hainault,grange hill,hainault
circle,940GZZLUERC,940GZZLUPAC,edgware road (circle line),paddington,edgware road (circle line),paddington
circle,940GZZLUPAC,940GZZLUBWT,paddington,bayswater,paddington,bayswater
circle,940GZZLUBWT,940GZZLUNHG,bayswater,notting hill gate,bayswater,notting hill gate
circle,940GZZLUNHG,940GZZLUHSK,notting hill gate,high street kensington,notting hill gate,high street kensington
circle,940GZZLUHSK,940GZZLUGTR,high street kensington,gloucester road,high street kensington,gloucester road
circle,940GZZLUGTR,940GZZLUSKS,gloucester road,south kensington,gloucester road,south kensington
circle,940GZZLUSKS,940GZZLUSSQ,south kensington,sloane square,south kensington,sloane square
circle,940GZZLUSSQ,940GZZLUVIC,sloane square,victoria,sloane square,victoria
circle,940GZZLUVIC,940GZZLUSJP,victoria,st. jamess park,victoria,st. jamess park
circle,940GZZLUSJP,940GZZLUWSM,st. jamess park,westminster,st. jamess park,westminster
circle,940GZZLUWSM,940GZZLUEMB,westminster,embankment,westminster,embankment
circle,940GZZLUEMB,940GZZLUTMP,embankment,temple,embankment,temple
circle,940GZZLUTMP,940GZZLUBKF,temple,blackfriars,temple,blackfriars
circle,940GZZLUBKF,940GZZLUMSH,blackfriars,mansion house,blackfriars,mansion house
circle,940GZZLUMSH,940GZZLUCST,mansion house,cannon street,mansion house,cannon street
circle,940GZZLUCST,940GZZLUMMT,cannon street,monument,cannon street,monument
circle,940GZZLUMMT,940GZZLUTWH,monument,tower hill,monument,tower hill
circle,940GZZLUTWH,940GZZLUALD,tower hill,aldgate,tower hill,aldgate
circle,940GZZLUALD,940GZZLULVT,aldgate,liverpool street,aldgate,liverpool street
circle,940GZZLULVT,940GZZLUMGT,liverpool street,moorgate,liverpool street,moorgate
circle,940GZZLUMGT,940GZZLUBBN,moorgate,barbican,moorgate,barbican
circle,940GZZLUBBN,940GZZLUFCN,barbican,farringdon,barbican,farringdon
circle,940GZZLUFCN,940GZZLUKSX,farringdon,kings cross st. pancras,farringdon,kings cross st. pancras
circle,940GZZLUKSX,940GZZLUESQ,kings cross st. pancras,euston square,kings cross st. pancras,euston square
circle,940GZZLUESQ,940GZZLUGPS,euston square,great portland street,euston square,great portland street
circle,940GZZLUGPS,940GZZLUBST,great portland street,baker street,great portland street,baker street
circle,940GZZLUBST,940GZZLUERC,baker street,edgware road (circle line),baker street,edgware road (circle line)
circle,940GZZLUERC,940GZZLUPAH,edgware road (circle line),paddington (handc line)-underground,edgware road (circle line),paddington (handc line)-underground
circle,940GZZLUPAH,940GZZLURYO,paddington (handc line)-underground,royal oak,paddington (handc line)-underground,royal oak
circle,940GZZLURYO,940GZZLUWSP,royal oak,westbourne park,royal oak,westbourne park
circle,940GZZLUWSP,940GZZLULAD,westbourne park,ladbroke grove,westbourne park,ladbroke grove
circle,940GZZLULAD,940GZZLULRD,ladbroke grove,latimer road,ladbroke grove,latimer road
circle,940GZZLULRD,940GZZLUWLA,latimer road,wood lane,latimer road,wood lane
circle,940GZZLUWLA,940GZZLUSBM,wood lane,shepherds bush market,wood lane,shepherds bush market
circle,940GZZLUSBM,940GZZLUGHK,shepherds bush market,goldhawk road,shepherds bush market,goldhawk road
circle,940GZZLUGHK,940GZZLUHSC,goldhawk road,hammersmith (handc line),goldhawk road,hammersmith (handc line)
circle,940GZZLUHSC,940GZZLUGHK,hammersmith (handc line),goldhawk road,hammersmith (handc line),goldhawk road
circle,940GZZLUGHK,940GZZLUSBM,goldhawk road,shepherds bush market,goldhawk road,shepherds bush market
circle,940GZZLUSBM,940GZZLUWLA,shepherds bush market,wood lane,shepherds bush market,wood lane
circle,940GZZLUWLA,940GZZLULRD,wood lane,latimer road,wood lane,latimer road
circle,940GZZLULRD,940GZZLULAD,latimer road,ladbroke grove,latimer road,ladbroke grove
circle,940GZZLULAD,940GZZLUWSP,ladbroke grove,westbourne park,ladbroke grove,westbourne park
circle,940GZZLUWSP,940GZZLURYO,westbourne park,royal oak,westbourne park,royal oak
circle,940GZZLURYO,940GZZLUPAH,royal oak,paddington (handc line)-underground,royal oak,paddington (handc line)-underground
circle,940GZZLUPAH,940GZZLUERC,paddington (handc line)-underground,edgware road (circle line),paddington (handc line)-underground,edgware road (circle line)
circle,940GZZLUERC,940GZZLUBST,edgware road (circle line),baker street,edgware road (circle line),baker street
circle,940GZZLUBST,940GZZLUGPS,baker street,great portland street,baker street,great portland street
circle,940GZZLUGPS,940GZZLUESQ,great portland street,euston square,great portland street,euston square
circle,940GZZLUESQ,940GZZLUKSX,euston square,kings cross st. pancras,euston square,kings cross st. pancras
circle,940GZZLUKSX,940GZZLUFCN,kings cross st. pancras,farringdon,kings cross st. pancras,farringdon
circle,940GZZLUFCN,940GZZLUBBN,farringdon,barbican,farringdon,barbican
circle,940GZZLUBBN,940GZZLUMGT,barbican,moorgate,barbican,moorgate
circle,940GZZLUMGT,940GZZLULVT,moorgate,liverpool street,moorgate,liverpool street
circle,940GZZLULVT,940GZZLUALD,liverpool street,aldgate,liverpool street,aldgate
circle,940GZZLUALD,940GZZLUTWH,aldgate,tower hill,aldgate,tower hill
circle,940GZZLUTWH,940GZZLUMMT,tower hill,monument,tower hill,monument
circle,940GZZLUMMT,940GZZLUCST,monument,cannon street,monument,cannon street
circle,940GZZLUCST,940GZZLUMSH,cannon street,mansion house,cannon street,mansion house
circle,940GZZLUMSH,940GZZLUBKF,mansion house,blackfriars,mansion house,blackfriars
circle,940GZZLUBKF,940GZZLUTMP,blackfriars,temple,blackfriars,temple
circle,940GZZLUTMP,940GZZLUEMB,temple,embankment,temple,embankment
circle,940GZZLUEMB,940GZZLUWSM,embankment,westminster,embankment,westminster
circle,940GZZLUWSM,940GZZLUSJP,westminster,st. jamess park,westminster,st. jamess park
circle,940GZZLUSJP,940GZZLUVIC,st. jamess park,victoria,st. jamess park,victoria
circle,940GZZLUVIC,940GZZLUSSQ,victoria,sloane square,victoria,sloane square
circle,940GZZLUSSQ,940GZZLUSKS,sloane square,south kensington,sloane square,south kensington
circle,940GZZLUSKS,940GZZLUGTR,south kensington,gloucester road,south kensington,gloucester road
circle,940GZZLUGTR,940GZZLUHSK,gloucester road,high street kensington,gloucester road,high street kensington
circle,940GZZLUHSK,940GZZLUNHG,high street kensington,notting hill gate,high street kensington,notting hill gate
circle,940GZZLUNHG,940GZZLUBWT,notting hill gate,bayswater,notting hill gate,bayswater
circle,940GZZLUBWT,940GZZLUPAC,bayswater,paddington,bayswater,paddington
circle,940GZZLUPAC,940GZZLUERC,paddington,edgware road (circle line),paddington,edgware road (circle line)
district,940GZZLUEBY,940GZZLUECM,ealing broadway,ealing common,ealing broadway,ealing common
district,940GZZLUECM,940GZZLUACT,ealing common,acton town,ealing common,acton town
district,940GZZLUACT,940GZZLUCWP,acton town,chiswick park,acton town,chiswick park
district,940GZZLUCWP,940GZZLUTNG,chiswick park,turnham green,chiswick park,turnham green
district,940GZZLUTNG,940GZZLUSFB,turnham green,stamford brook,turnham green,stamford brook
district,940GZZLUSFB,940GZZLURVP,stamford brook,ravenscourt park,stamford brook,ravenscourt park
district,940GZZLURVP,940GZZLUHSD,ravenscourt park,hammersmith (distandpicc line),ravenscourt park,hammersmith (distandpicc line)
district,940GZZLUHSD,940GZZLUBSC,hammersmith (distandpicc line),barons court,hammersmith (distandpicc line),barons court
district,940GZZLUBSC,940GZZLUWKN,barons court,west kensington,barons court,west kensington
district,940GZZLUWKN,940GZZLUECT,west kensington,earls court,west kensington,earls court
district,940GZZLUECT,940GZZLUGTR,earls court,gloucester road,earls court,gloucester road
district,940GZZLUGTR,940GZZLUSKS,gloucester road,south kensington,gloucester road,south kensington
district,940GZZLUSKS,940GZZLUSSQ,south kensington,sloane square,south kensington,sloane square
district,940GZZLUSSQ,940GZZLUVIC,sloane square,victoria,sloane square,victoria
district,940GZZLUVIC,940GZZLUSJP,victoria,st. jamess park,victoria,st. jamess park
district,940GZZLUSJP,940GZZLUWSM,st. jamess park,westminster,st. jamess park,westminster
district,940GZZLUWSM,940GZZLUEMB,westminster,embankment,westminster,embankment
district,940GZZLUEMB,940GZZLUTMP,embankment,temple,embankment,temple
district,940GZZLUTMP,940GZZLUBKF,temple,blackfriars,temple,blackfriars
district,940GZZLUBKF,940GZZLUMSH,blackfriars,mansion house,blackfriars,mansion house
district,940GZZLUMSH,940GZZLUCST,mansion house,cannon street,mansion house,cannon street
district,940GZZLUCST,940GZZLUMMT,cannon street,monument,cannon street,monument
district,940GZZLUMMT,940GZZLUTWH,monument,tower hill,monument,tower hill
district,940GZZLUTWH,940GZZLUADE,tower hill,aldgate east,tower hill,aldgate east
district,940GZZLUADE,940GZZLUWPL,aldgate east,whitechapel,aldgate east,whitechapel
district,940GZZLUWPL,940GZZLUSGN,whitechapel,stepney green,whitechapel,stepney green
district,940GZZLUSGN,940GZZLUMED,stepney green,mile end,stepney green,mile end
district,940GZZLUMED,940GZZLUBWR,mile end,bow road,mile end,bow road
district,940GZZLUBWR,940GZZLUBBB,bow road,bromley-by-bow,bow road,bromley-by-bow
district,940GZZLUBBB,940GZZLUWHM,bromley-by-bow,west ham,bromley-by-bow,west ham
district,940GZZLUWHM,940GZZLUPLW,west ham,plaistow,west ham,plaistow
district,940GZZLUPLW,940GZZLUUPK,plaistow,upton park,plaistow,upton park
district,940GZZLUUPK,940GZZLUEHM,upton park,east ham,upton park,east ham
district,940GZZLUEHM,940GZZLUBKG,east ham,barking,east ham,barking
district,940GZZLUBKG,940GZZLUUPY,barking,upney,barking,upney
district,940GZZLUUPY,940GZZLUBEC,upney,becontree,upney,becontree
district,940GZZLUBEC,940GZZLUDGY,becontree,dagenham heathway,becontree,dagenham heathway
district,940GZZLUDGY,940GZZLUDGE,dagenham heathway,dagenham east,dagenham heathway,dagenham east
district,940GZZLUDGE,940GZZLUEPK,dagenham east,elm park,dagenham east,elm park
district,940GZZLUEPK,940GZZLUHCH,elm park,hornchurch,elm park,hornchurch
district,940GZZLUHCH,940GZZLUUPB,hornchurch,upminster bridge,hornchurch,upminster bridge
district,940GZZLUUPB,940GZZLUUPM,upminster bridge,upminster,upminster bridge,upminster
district,940GZZLUECT,940GZZLUHSK,earls court,high street kensington,earls court,high street kensington
district,940GZZLUHSK,940GZZLUNHG,high street kensington,notting hill gate,high street kensington,notting hill gate
district,940GZZLUNHG,940GZZLUBWT,notting hill gate,bayswater,notting hill gate,bayswater
district,940GZZLUBWT,940GZZLUPAC,bayswater,paddington,bayswater,paddington
district,940GZZLUPAC,940GZZLUERC,paddington,edgware road (circle line),paddington,edgware road (circle line)
district,940GZZLUERC,940GZZLUPAC,edgware road (circle line),paddington,edgware road (circle line),paddington
district,940GZZLUPAC,940GZZLUBWT,paddington,bayswater,paddington,bayswater
district,940GZZLUBWT,940GZZLUNHG,bayswater,notting hill gate,bayswater,notting hill gate
district,940GZZLUNHG,940GZZLUHSK,notting hill gate,high street kensington,notting hill gate,high street kensington
district,940GZZLUHSK,940GZZLUECT,high street kensington,earls court,high street kensington,earls court
district,940GZZLUECT,940GZZLUKOY,earls court,kensington (olympia),earls court,kensington (olympia)
district,940GZZLUECT,940GZZLUWBN,earls court,west brompton,earls court,west brompton
district,940GZZLUWBN,940GZZLUFBY,west brompton,fulham broadway,west brompton,fulham broadway
district,940GZZLUFBY,940GZZLUPSG,fulham broadway,parsons green,fulham broadway,parsons green
district,940GZZLUPSG,940GZZLUPYB,parsons green,putney bridge,parsons green,putney bridge
district,940GZZLUPYB,940GZZLUEPY,putney bridge,east putney,putney bridge,east putney
district,940GZZLUEPY,940GZZLUSFS,east putney,southfields,east putney,southfields
district,940GZZLUSFS,940GZZLUWIP,southfields,wimbledon park,southfields,wimbledon park
district,940GZZLUWIP,940GZZLUWIM,wimbledon park,wimbledon,wimbledon park,wimbledon
district,940GZZLUECT,940GZZLUWKN,earls court,west kensington,earls court,west kensington
district,940GZZLUWKN,940GZZLUBSC,west kensington,barons court,west kensington,barons court
district,940GZZLUBSC,940GZZLUHSD,barons court,hammersmith (distandpicc line),barons court,hammersmith (distandpicc line)
district,940GZZLUHSD,940GZZLURVP,hammersmith (distandpicc line),ravenscourt park,hammersmith (distandpicc line),ravenscourt park
district,940GZZLURVP,940GZZLUSFB,ravenscourt park,stamford brook,ravenscourt park,stamford brook
district,940GZZLUSFB,940GZZLUTNG,stamford brook,turnham green,stamford brook,turnham green
district,940GZZLUTNG,940GZZLUCWP,turnham green,chiswick park,turnham green,chiswick park
district,940GZZLUCWP,940GZZLUACT,chiswick park,acton town,chiswick park,acton town
district,940GZZLUACT,940GZZLUECM,acton town,ealing common,acton town,ealing common
district,940GZZLUECM,940GZZLUEBY,ealing common,ealing broadway,ealing common,ealing broadway
district,940GZZLUTNG,940GZZLUGBY,turnham green,gunnersbury,turnham green,gunnersbury
district,940GZZLUGBY,940GZZLUKWG,gunnersbury,kew gardens,gunnersbury,kew gardens
district,940GZZLUKWG,940GZZLURMD,kew gardens,richmond,kew gardens,richmond
district,940GZZLUKOY,940GZZLUECT,kensington (olympia),earls court,kensington (olympia),earls court
district,940GZZLURMD,940GZZLUKWG,richmond,kew gardens,richmond,kew gardens
district,940GZZLUKWG,940GZZLUGBY,kew gardens,gunnersbury,kew gardens,gunnersbury
district,940GZZLUGBY,940GZZLUTNG,gunnersbury,turnham green,gunnersbury,turnham green
district,940GZZLUUPM,940GZZLUUPB,upminster,upminster bridge,upminster,upminster bridge
district,940GZZLUUPB,940GZZLUHCH,upminster bridge,hornchurch,upminster bridge,hornchurch
district,940GZZLUHCH,940GZZLUEPK,hornchurch,elm park,hornchurch,elm park
district,940GZZLUEPK,940GZZLUDGE,elm park,dagenham east,elm park,dagenham east
district,940GZZLUDGE,940GZZLUDGY,dagenham east,dagenham heathway,dagenham east,dagenham heathway
district,940GZZLUDGY,940GZZLUBEC,dagenham heathway,becontree,dagenham heathway,becontree
district,940GZZLUBEC,940GZZLUUPY,becontree,upney,becontree,upney
district,940GZZLUUPY,940GZZLUBKG,upney,barking,upney,barking
district,940GZZLUBKG,940GZZLUEHM,barking,east ham,barking,east ham
district,940GZZLUEHM,940GZZLUUPK,east ham,upton park,east ham,upton park
district,940GZZLUUPK,940GZZLUPLW,upton park,plaistow,upton park,plaistow
district,940GZZLUPLW,940GZZLUWHM,plaistow,west ham,plaistow,west ham
district,940GZZLUWHM,940GZZLUBBB,west ham,bromley-by-bow,west ham,bromley-by-bow
district,940GZZLUBBB,940GZZLUBWR,bromley-by-bow,bow road,bromley-by-bow,bow road
district,940GZZLUBWR,940GZZLUMED,bow road,mile end,bow road,mile end
district,940GZZLUMED,940GZZLUSGN,mile end,stepney green,mile end,stepney green
district,940GZZLUSGN,940GZZLUWPL,stepney green,whitechapel,stepney green,whitechapel
district,940GZZLUWPL,940GZZLUADE,whitechapel,aldgate east,whitechapel,aldgate east
district,940GZZLUADE,940GZZLUTWH,aldgate east,tower hill,aldgate east,tower hill
district,940GZZLUTWH,940GZZLUMMT,tower hill,monument,tower hill,monument
district,940GZZLUMMT,940GZZLUCST,monument,cannon street,monument,cannon street
district,940GZZLUCST,940GZZLUMSH,cannon street,mansion house,cannon street,mansion house
district,940GZZLUMSH,940GZZLUBKF,mansion house,blackfriars,mansion house,blackfriars
district,940GZZLUBKF,940GZZLUTMP,blackfriars,temple,blackfriars,temple
district,940GZZLUTMP,940GZZLUEMB,temple,embankment,temple,embankment
district,940GZZLUEMB,940GZZLUWSM,embankment,westminster,embankment,westminster
district,940GZZLUWSM,940GZZLUSJP,westminster,st. jamess park,westminster,st. jamess park
district,940GZZLUSJP,940GZZLUVIC,st. jamess park,victoria,st. jamess park,victoria
district,940GZZLUVIC,940GZZLUSSQ,victoria,sloane square,victoria,sloane square
district,940GZZLUSSQ,940GZZLUSKS,sloane square,south kensington,sloane square,south kensington
district,940GZZLUSKS,940GZZLUGTR,south kensington,gloucester road,south kensington,gloucester road
district,940GZZLUGTR,940GZZLUECT,gloucester road,earls court,gloucester road,earls court
district,940GZZLUWIM,940GZZLUWIP,wimbledon,wimbledon park,wimbledon,wimbledon park
district,940GZZLUWIP,940GZZLUSFS,wimbledon park,southfields,wimbledon park,southfields
district,940GZZLUSFS,940GZZLUEPY,southfields,east putney,southfields,east putney
district,940GZZLUEPY,940GZZLUPYB,east putney,putney bridge,east putney,putney bridge
district,940GZZLUPYB,940GZZLUPSG,putney bridge,parsons green,putney bridge,parsons green
district,940GZZLUPSG,940GZZLUFBY,parsons green,fulham broadway,parsons green,fulham broadway
district,940GZZLUFBY,940GZZLUWBN,fulham broadway,west brompton,fulham broadway,west brompton
district,940GZZLUWBN,940GZZLUECT,west brompton,earls court,west brompton,earls court
hammersmith-city,940GZZLUBKG,940GZZLUEHM,barking,east ham,barking,east ham
hammersmith-city,940GZZLUEHM,940GZZLUUPK,east ham,upton park,east ham,upton park
hammersmith-city,940GZZLUUPK,940GZZLUPLW,upton park,plaistow,upton park,plaistow
hammersmith-city,940GZZLUPLW,940GZZLUWHM,plaistow,west ham,plaistow,west ham
hammersmith-city,940GZZLUWHM,940GZZLUBBB,west ham,bromley-by-bow,west ham,bromley-by-bow
hammersmith-city,940GZZLUBBB,940GZZLUBWR,bromley-by-bow,bow road,bromley-by-bow,bow road
hammersmith-city,940GZZLUBWR,940GZZLUMED,bow road,mile end,bow road,mile end
hammersmith-city,940GZZLUMED,940GZZLUSGN,mile end,stepney green,mile end,stepney green
hammersmith-city,940GZZLUSGN,940GZZLUWPL,stepney green,whitechapel,stepney green,whitechapel
hammersmith-city,940GZZLUWPL,940GZZLUADE,whitechapel,aldgate east,whitechapel,aldgate east
hammersmith-city,940GZZLUADE,940GZZLULVT,aldgate east,liverpool street,aldgate east,liverpool street
hammersmith-city,940GZZLULVT,940GZZLUMGT,liverpool street,moorgate,liverpool street,moorgate
hammersmith-city,940GZZLUMGT,940GZZLUBBN,moorgate,barbican,moorgate,barbican
hammersmith-city,940GZZLUBBN,940GZZLUFCN,barbican,farringdon,barbican,farringdon
hammersmith-city,940GZZLUFCN,940GZZLUKSX,farringdon,kings cross st. pancras,farringdon,kings cross st. pancras
hammersmith-city,940GZZLUKSX,940GZZLUESQ,kings cross st. pancras,euston square,kings cross st. pancras,euston square
hammersmith-city,940GZZLUESQ,940GZZLUGPS,euston square,great portland street,euston square,great portland street
hammersmith-city,940GZZLUGPS,940GZZLUBST,great portland street,baker street,great portland street,baker street
hammersmith-city,940GZZLUBST,940GZZLUERC,baker street,edgware road (circle line),baker street,edgware road (circle line)
hammersmith-city,940GZZLUERC,940GZZLUPAH,edgware road (circle line),paddington (handc line)-underground,edgware road (circle line),paddington (handc line)-underground
hammersmith-city,940GZZLUPAH,940GZZLURYO,paddington (handc line)-underground,royal oak,paddington (handc line)-underground,royal oak
hammersmith-city,940GZZLURYO,940GZZLUWSP,royal oak,westbourne park,royal oak,westbourne park
hammersmith-city,940GZZLUWSP,940GZZLULAD,westbourne park,ladbroke grove,westbourne park,ladbroke grove
hammersmith-city,940GZZLULAD,940GZZLULRD,ladbroke grove,latimer road,ladbroke grove,latimer road
hammersmith-city,940GZZLULRD,940GZZLUWLA,latimer road,wood lane,latimer road,wood lane
hammersmith-city,940GZZLUWLA,940GZZLUSBM,wood lane,shepherds bush market,wood lane,shepherds bush market
hammersmith-city,940GZZLUSBM,940GZZLUGHK,shepherds bush market,goldhawk road,shepherds bush market,goldhawk road
hammersmith-city,940GZZLUGHK,940GZZLUHSC,goldhawk road,hammersmith (handc line),goldhawk road,hammersmith (handc line)
hammersmith-city,940GZZLUHSC,940GZZLUGHK,hammersmith (handc line),goldhawk road,hammersmith (handc line),goldhawk road
hammersmith-city,940GZZLUGHK,940GZZLUSBM,goldhawk road,shepherds bush market,goldhawk road,shepherds bush market
hammersmith-city,940GZZLUSBM,940GZZLUWLA,shepherds bush market,wood lane,shepherds bush market,wood lane
hammersmith-city,940GZZLUWLA,940GZZLULRD,wood lane,latimer road,wood lane,latimer road
hammersmith-city,940GZZLULRD,940GZZLULAD,latimer road,ladbroke grove,latimer road,ladbroke grove
hammersmith-city,940GZZLULAD,940GZZLUWSP,ladbroke grove,westbourne park,ladbroke grove,westbourne park
hammersmith-city,940GZZLUWSP,940GZZLURYO,westbourne park,royal oak,westbourne park,royal oak
hammersmith-city,940GZZLURYO,940GZZLUPAH,royal oak,paddington (handc line)-underground,royal oak,paddington (handc line)-underground
hammersmith-city,940GZZLUPAH,940GZZLUERC,paddington (handc line)-underground,edgware road (circle line),paddington (handc line)-underground,edgware road (circle line)
hammersmith-city,940GZZLUERC,940GZZLUBST,edgware road (circle line),baker street,edgware road (circle line),baker street
hammersmith-city,940GZZLUBST,940GZZLUGPS,baker street,great portland street,baker street,great portland street
hammersmith-city,940GZZLUGPS,940GZZLUESQ,great portland street,euston square,great portland street,euston square
hammersmith-city,940GZZLUESQ,940GZZLUKSX,euston square,kings cross st. pancras,euston square,kings cross st. pancras
hammersmith-city,940GZZLUKSX,940GZZLUFCN,kings cross st. pancras,farringdon,kings cross st. pancras,farringdon
hammersmith-city,940GZZLUFCN,940GZZLUBBN,farringdon,barbican,farringdon,barbican
hammersmith-city,940GZZLUBBN,940GZZLUMGT,barbican,moorgate,barbican,moorgate
hammersmith-city,940GZZLUMGT,940GZZLULVT,moorgate,liverpool street,moorgate,liverpool street
hammersmith-city,940GZZLULVT,940GZZLUADE,liverpool street,aldgate east,liverpool street,aldgate east
hammersmith-city,940GZZLUADE,940GZZLUWPL,aldgate east,whitechapel,aldgate east,whitechapel
hammersmith-city,940GZZLUWPL,940GZZLUSGN,whitechapel,stepney green,whitechapel,stepney green
hammersmith-city,940GZZLUSGN,940GZZLUMED,stepney green,mile end,stepney green,mile end
hammersmith-city,940GZZLUMED,940GZZLUBWR,mile end,bow road,mile end,bow road
hammersmith-city,940GZZLUBWR,940GZZLUBBB,bow road,bromley-by-bow,bow road,bromley-by-bow
hammersmith-city,940GZZLUBBB,940GZZLUWHM,bromley-by-bow,west ham,bromley-by-bow,west ham
hammersmith-city,940GZZLUWHM,940GZZLUPLW,west ham,plaistow,west ham,plaistow
hammersmith-city,940GZZLUPLW,940GZZLUUPK,plaistow,upton park,plaistow,upton park
hammersmith-city,940GZZLUUPK,940GZZLUEHM,upton park,east ham,upton park,east ham
hammersmith-city,940GZZLUEHM,940GZZLUBKG,east ham,barking,east ham,barking
jubilee,940GZZLUSTM,940GZZLUCPK,stanmore,canons park,stanmore,canons park
jubilee,940GZZLUCPK,940GZZLUQBY,canons park,queensbury,canons park,queensbury
jubilee,940GZZLUQBY,940GZZLUKBY,queensbury,kingsbury,queensbury,kingsbury
jubilee,940GZZLUKBY,940GZZLUWYP,kingsbury,wembley park,kingsbury,wembley park
jubilee,940GZZLUWYP,940GZZLUNDN,wembley park,neasden,wembley park,neasden
jubilee,940GZZLUNDN,940GZZLUDOH,neasden,dollis hill,neasden,dollis hill
jubilee,940GZZLUDOH,940GZZLUWIG,dollis hill,willesden green,dollis hill,willesden green
jubilee,940GZZLUWIG,940GZZLUKBN,willesden green,kilburn,willesden green,kilburn
jubilee,940GZZLUKBN,940GZZLUWHP,kilburn,west hampstead,kilburn,west hampstead
jubilee,940GZZLUWHP,940GZZLUFYR,west hampstead,finchley road,west hampstead,finchley road
jubilee,940GZZLUFYR,940GZZLUSWC,finchley road,swiss cottage,finchley road,swiss cottage
jubilee,940GZZLUSWC,940GZZLUSJW,swiss cottage,st. johns wood,swiss cottage,st. johns wood
jubilee,940GZZLUSJW,940GZZLUBST,st. johns wood,baker street,st. johns wood,baker street
jubilee,940GZZLUBST,940GZZLUBND,baker street,bond street,baker street,bond street
jubilee,940GZZLUBND,940GZZLUGPK,bond street,green park,bond street,green park
jubilee,940GZZLUGPK,940GZZLUWSM,green park,westminster,green park,westminster
jubilee,940GZZLUWSM,940GZZLUWLO,westminster,waterloo,westminster,waterloo
jubilee,940GZZLUWLO,940GZZLUSWK,waterloo,southwark,waterloo,southwark
jubilee,940GZZLUSWK,940GZZLULNB,southwark,london bridge,southwark,london bridge
jubilee,940GZZLULNB,940GZZLUBMY,london bridge,bermondsey,london bridge,bermondsey
jubilee,940GZZLUBMY,940GZZLUCWR,bermondsey,canada water,bermondsey,canada water
jubilee,940GZZLUCWR,940GZZLUCYF,canada water,canary wharf,canada water,canary wharf
jubilee,940GZZLUCYF,940GZZLUNGW,canary wharf,north greenwich,canary wharf,north greenwich
jubilee,940GZZLUNGW,940GZZLUCGT,north greenwich,canning town,north greenwich,canning town
jubilee,940GZZLUCGT,940GZZLUWHM,canning town,west ham,canning town,west ham
jubilee,940GZZLUWHM,940GZZLUSTD,west ham,stratford,west ham,stratford
jubilee,940GZZLUSTD,940GZZLUWHM,stratford,west ham,stratford,west ham
jubilee,940GZZLUWHM,940GZZLUCGT,west ham,canning town,west ham,canning town
jubilee,940GZZLUCGT,940GZZLUNGW,canning town,north greenwich,canning town,north greenwich
jubilee,940GZZLUNGW,940GZZLUCYF,north greenwich,canary wharf,north greenwich,canary wharf
jubilee,940GZZLUCYF,940GZZLUCWR,canary wharf,canada water,canary wharf,canada water
jubilee,940GZZLUCWR,940GZZLUBMY,canada water,bermondsey,canada water,bermondsey
jubilee,940GZZLUBMY,940GZZLULNB,bermondsey,london bridge,bermondsey,london bridge
jubilee,940GZZLULNB,940GZZLUSWK,london bridge,southwark,london bridge,southwark
jubilee,940GZZLUSWK,940GZZLUWLO,southwark,waterloo,southwark,waterloo
jubilee,940GZZLUWLO,940GZZLUWSM,waterloo,westminster,waterloo,westminster
jubilee,940GZZLUWSM,940GZZLUGPK,westminster,green park,westminster,green park
jubilee,940GZZLUGPK,940GZZLUBND,green park,bond street,green park,bond street
jubilee,940GZZLUBND,940GZZLUBST,bond street,baker street,bond street,baker street
jubilee,940GZZLUBST,940GZZLUSJW,baker street,st. johns wood,baker street,st. johns wood
jubilee,940GZZLUSJW,940GZZLUSWC,st. johns wood,swiss cottage,st. johns wood,swiss cottage
jubilee,940GZZLUSWC,940GZZLUFYR,swiss cottage,finchley road,swiss cottage,finchley road
jubilee,940GZZLUFYR,940GZZLUWHP,finchley road,west hampstead,finchley road,west hampstead
jubilee,940GZZLUWHP,940GZZLUKBN,west hampstead,kilburn,west hampstead,kilburn
jubilee,940GZZLUKBN,940GZZLUWIG,kilburn,willesden green,kilburn,willesden green
jubilee,940GZZLUWIG,940GZZLUDOH,willesden green,dollis hill,willesden green,dollis hill
jubilee,940GZZLUDOH,940GZZLUNDN,dollis hill,neasden,dollis hill,neasden
jubilee,940GZZLUNDN,940GZZLUWYP,neasden,wembley park,neasden,wembley park
jubilee,940GZZLUWYP,940GZZLUKBY,wembley park,kingsbury,wembley park,kingsbury
jubilee,940GZZLUKBY,940GZZLUQBY,kingsbury,queensbury,kingsbury,queensbury
jubilee,940GZZLUQBY,940GZZLUCPK,queensbury,canons park,queensbury,canons park
jubilee,940GZZLUCPK,940GZZLUSTM,canons park,stanmore,canons park,stanmore
metropolitan,940GZZLUALD,940GZZLULVT,aldgate,liverpool street,aldgate,liverpool street
metropolitan,940GZZLULVT,940GZZLUMGT,liverpool street,moorgate,liverpool street,moorgate
metropolitan,940GZZLUMGT,940GZZLUBBN,moorgate,barbican,moorgate,barbican
metropolitan,940GZZLUBBN,940GZZLUFCN,barbican,farringdon,barbican,farringdon
metropolitan,940GZZLUFCN,940GZZLUKSX,farringdon,kings cross st. pancras,farringdon,kings cross st. pancras
metropolitan,940GZZLUKSX,940GZZLUESQ,kings cross st. pancras,euston square,kings cross st. pancras,euston square
metropolitan,940GZZLUESQ,940GZZLUGPS,euston square,great portland street,euston square,great portland street
metropolitan,940GZZLUGPS,940GZZLUBST,great portland street,baker street,great portland street,baker street
metropolitan,940GZZLUBST,940GZZLUFYR,baker street,finchley road,baker street,finchley road
metropolitan,940GZZLUFYR,940GZZLUWYP,finchley road,wembley park,finchley road,wembley park
metropolitan,940GZZLUWYP,940GZZLUPRD,wembley park,preston road,wembley park,preston road
metropolitan,940GZZLUPRD,940GZZLUNKP,preston road,northwick park,preston road,northwick park
metropolitan,940GZZLUNKP,940GZZLUHOH,northwick park,harrow-on-the-hill,northwick park,harrow-on-the-hill
metropolitan,940GZZLUHOH,940GZZLUNHA,harrow-on-the-hill,north harrow,harrow-on-the-hill,north harrow
metropolitan,940GZZLUNHA,940GZZLUPNR,north harrow,pinner,north harrow,pinner
metropolitan,940GZZLUPNR,940GZZLUNWH,pinner,northwood hills,pinner,northwood hills
metropolitan,940GZZLUNWH,940GZZLUNOW,northwood hills,northwood,northwood hills,northwood
metropolitan,940GZZLUNOW,940GZZLUMPK,northwood,moor park,northwood,moor park
metropolitan,940GZZLUMPK,940GZZLUCXY,moor park,croxley,moor park,croxley
metropolitan,940GZZLUCXY,940GZZLUWAF,croxley,watford,croxley,watford
metropolitan,940GZZLUMPK,940GZZLURKW,moor park,rickmansworth,moor park,rickmansworth
metropolitan,940GZZLURKW,940GZZLUCYD,rickmansworth,chorleywood,rickmansworth,chorleywood
metropolitan,940GZZLUCYD,940GZZLUCAL,chorleywood,chalfont and latimer,chorleywood,chalfont and latimer
metropolitan,940GZZLUCAL,940GZZLUAMS,chalfont and latimer,amersham,chalfont and latimer,amersham
metropolitan,940GZZLUCAL,940GZZLUCSM,chalfont and latimer,chesham,chalfont and latimer,chesham
metropolitan,940GZZLUHOH,940GZZLUWHW,harrow-on-the-hill,west harrow,harrow-on-the-hill,west harrow
metropolitan,940GZZLUWHW,940GZZLURYL,west harrow,rayners lane,west harrow,rayners lane
metropolitan,940GZZLURYL,940GZZLUEAE,rayners lane,eastcote,rayners lane,eastcote
metropolitan,940GZZLUEAE,940GZZLURSM,eastcote,ruislip manor,eastcote,ruislip manor
metropolitan,940GZZLURSM,940GZZLURSP,ruislip manor,ruislip,ruislip manor,ruislip
metropolitan,940GZZLURSP,940GZZLUICK,ruislip,ickenham,ruislip,ickenham
metropolitan,940GZZLUICK,940GZZLUHGD,ickenham,hillingdon,ickenham,hillingdon
metropolitan,940GZZLUHGD,940GZZLUUXB,hillingdon,uxbridge,hillingdon,uxbridge
metropolitan,940GZZLUAMS,940GZZLUCAL,amersham,chalfont and latimer,amersham,chalfont and latimer
metropolitan,940GZZLUCAL,940GZZLUCYD,chalfont and latimer,chorleywood,chalfont and latimer,chorleywood
metropolitan,940GZZLUCYD,940GZZLURKW,chorleywood,rickmansworth,chorleywood,rickmansworth
metropolitan,940GZZLURKW,940GZZLUMPK,rickmansworth,moor park,rickmansworth,moor park
metropolitan,940GZZLUMPK,940GZZLUNOW,moor park,northwood,moor park,northwood
metropolitan,940GZZLUNOW,940GZZLUNWH,northwood,northwood hills,northwood,northwood hills
metropolitan,940GZZLUNWH,940GZZLUPNR,northwood hills,pinner,northwood hills,pinner
metropolitan,940GZZLUPNR,940GZZLUNHA,pinner,north harrow,pinner,north harrow
metropolitan,940GZZLUNHA,940GZZLUHOH,north harrow,harrow-on-the-hill,north harrow,harrow-on-the-hill
metropolitan,940GZZLUHOH,940GZZLUNKP,harrow-on-the-hill,northwick park,harrow-on-the-hill,northwick park
metropolitan,940GZZLUNKP,940GZZLUPRD,northwick park,preston road,northwick park,preston road
metropolitan,940GZZLUPRD,940GZZLUWYP,preston road,wembley park,preston road,wembley park
metropolitan,940GZZLUWYP,940GZZLUWIG,wembley park,willesden green,wembley park,willesden green
metropolitan,940GZZLUWIG,940GZZLUFYR,willesden green,finchley road,willesden green,finchley road
metropolitan,940GZZLUFYR,940GZZLUBST,finchley road,baker street,finchley road,baker street
metropolitan,940GZZLUBST,940GZZLUGPS,baker street,great portland street,baker street,great portland street
metropolitan,940GZZLUGPS,940GZZLUESQ,great portland street,euston square,great portland street,euston square
metropolitan,940GZZLUESQ,940GZZLUKSX,euston square,kings cross st. pancras,euston square,kings cross st. pancras
metropolitan,940GZZLUKSX,940GZZLUFCN,kings cross st. pancras,farringdon,kings cross st. pancras,farringdon
metropolitan,940GZZLUFCN,940GZZLUBBN,farringdon,barbican,farringdon,barbican
metropolitan,940GZZLUBBN,940GZZLUMGT,barbican,moorgate,barbican,moorgate
metropolitan,940GZZLUMGT,940GZZLULVT,moorgate,liverpool street,moorgate,liverpool street
metropolitan,940GZZLULVT,940GZZLUALD,liverpool street,aldgate,liverpool street,aldgate
metropolitan,940GZZLUCSM,940GZZLUCAL,chesham,chalfont and latimer,chesham,chalfont and latimer
metropolitan,940GZZLUWYP,940GZZLUFYR,wembley park,finchley road,wembley park,finchley road
metropolitan,940GZZLUUXB,940GZZLUHGD,uxbridge,hillingdon,uxbridge,hillingdon
metropolitan,940GZZLUHGD,940GZZLUICK,hillingdon,ickenham,hillingdon,ickenham
metropolitan,940GZZLUICK,940GZZLURSP,ickenham,ruislip,ickenham,ruislip
metropolitan,940GZZLURSP,940GZZLURSM,ruislip,ruislip manor,ruislip,ruislip manor
metropolitan,940GZZLURSM,940GZZLUEAE,ruislip manor,eastcote,ruislip manor,eastcote
metropolitan,940GZZLUEAE,940GZZLURYL,eastcote,rayners lane,eastcote,rayners lane
metropolitan,940GZZLURYL,940GZZLUWHW,rayners lane,west harrow,rayners lane,west harrow
metropolitan,940GZZLUWHW,940GZZLUHOH,west harrow,harrow-on-the-hill,west harrow,harrow-on-the-hill
metropolitan,940GZZLUWAF,940GZZLUCXY,watford,croxley,watford,croxley
metropolitan,940GZZLUCXY,940GZZLUMPK,croxley,moor park,croxley,moor park
northern,940GZZBPSUST,940GZZNEUGST,battersea power,nine elms,battersea power,nine elms
northern,940GZZNEUGST,940GZZLUKNG,nine elms,kennington,nine elms,kennington
northern,940GZZLUKNG,940GZZLUWLO,kennington,waterloo,kennington,waterloo
northern,940GZZLUWLO,940GZZLUEMB,waterloo,embankment,waterloo,embankment
northern,940GZZLUEMB,940GZZLUCHX,embankment,charing cross,embankment,charing cross
northern,940GZZLUCHX,940GZZLULSQ,charing cross,leicester square,charing cross,leicester square
northern,940GZZLULSQ,940GZZLUTCR,leicester square,tottenham court road,leicester square,tottenham court road
northern,940GZZLUTCR,940GZZLUGDG,tottenham court road,goodge street,tottenham court road,goodge street
northern,940GZZLUGDG,940GZZLUWRR,goodge street,warren street,goodge street,warren street
northern,940GZZLUWRR,940GZZLUEUS,warren street,euston,warren street,euston
northern,940GZZLUEUS,940GZZLUMTC,euston,mornington crescent,euston,mornington crescent
northern,940GZZLUMTC,940GZZLUCTN,mornington crescent,camden town,mornington crescent,camden town
northern,940GZZLUCTN,940GZZLUCFM,camden town,chalk farm,camden town,chalk farm
northern,940GZZLUCFM,940GZZLUBZP,chalk farm,belsize park,chalk farm,belsize park
northern,940GZZLUBZP,940GZZLUHTD,belsize park,hampstead,belsize park,hampstead
northern,940GZZLUHTD,940GZZLUGGN,hampstead,golders green,hampstead,golders green
northern,940GZZLUGGN,940GZZLUBTX,golders green,brent cross,golders green,brent cross
northern,940GZZLUBTX,940GZZLUHCL,brent cross,hendon central,brent cross,hendon central
northern,940GZZLUHCL,940GZZLUCND,hendon central,colindale,hendon central,colindale
northern,940GZZLUCND,940GZZLUBTK,colindale,burnt oak,colindale,burnt oak
northern,940GZZLUBTK,940GZZLUEGW,burnt oak,edgware,burnt oak,edgware
northern,940GZZLUCTN,940GZZLUKSH,camden town,kentish town,camden town,kentish town
northern,940GZZLUKSH,940GZZLUTFP,kentish town,tufnell park,kentish town,tufnell park
northern,940GZZLUTFP,940GZZLUACY,tufnell park,archway,tufnell park,archway
northern,940GZZLUACY,940GZZLUHGT,archway,highgate,archway,highgate
northern,940GZZLUHGT,940GZZLUEFY,highgate,east finchley,highgate,east finchley
northern,940GZZLUEFY,940GZZLUFYC,east finchley,finchley central,east finchley,finchley central
northern,940GZZLUFYC,940GZZLUWFN,finchley central,west finchley,finchley central,west finchley
northern,940GZZLUWFN,940GZZLUWOP,west finchley,woodside park,west finchley,woodside park
northern,940GZZLUWOP,940GZZLUTAW,woodside park,totteridge and whetstone,woodside park,totteridge and whetstone
northern,940GZZLUTAW,940GZZLUHBT,totteridge and whetstone,high barnet,totteridge and whetstone,high barnet
northern,940GZZLUEGW,940GZZLUBTK,edgware,burnt oak,edgware,burnt oak
northern,940GZZLUBTK,940GZZLUCND,burnt oak,colindale,burnt oak,colindale
northern,940GZZLUCND,940GZZLUHCL,colindale,hendon central,colindale,hendon central
northern,940GZZLUHCL,940GZZLUBTX,hendon central,brent cross,hendon central,brent cross
northern,940GZZLUBTX,940GZZLUGGN,brent cross,golders green,brent cross,golders green
northern,940GZZLUGGN,940GZZLUHTD,golders green,hampstead,golders green,hampstead
northern,940GZZLUHTD,940GZZLUBZP,hampstead,belsize park,hampstead,belsize park
northern,940GZZLUBZP,940GZZLUCFM,belsize park,chalk farm,belsize park,chalk farm
northern,940GZZLUCFM,940GZZLUCTN,chalk farm,camden town,chalk farm,camden town
northern,940GZZLUCTN,940GZZLUEUS,camden town,euston,camden town,euston
northern,940GZZLUEUS,940GZZLUKSX,euston,kings cross st. pancras,euston,kings cross st. pancras
northern,940GZZLUKSX,940GZZLUAGL,kings cross st. pancras,angel,kings cross st. pancras,angel
northern,940GZZLUAGL,940GZZLUODS,angel,old street,angel,old street
northern,940GZZLUODS,940GZZLUMGT,old street,moorgate,old street,moorgate
northern,940GZZLUMGT,940GZZLUBNK,moorgate,bank,moorgate,bank
northern,940GZZLUBNK,940GZZLULNB,bank,london bridge,bank,london bridge
northern,940GZZLULNB,940GZZLUBOR,london bridge,borough,london bridge,borough
northern,940GZZLUBOR,940GZZLUEAC,borough,elephant and castle,borough,elephant and castle
northern,940GZZLUEAC,940GZZLUKNG,elephant and castle,kennington,elephant and castle,kennington
northern,940GZZLUKNG,940GZZLUOVL,kennington,oval,kennington,oval
northern,940GZZLUOVL,940GZZLUSKW,oval,stockwell,oval,stockwell
northern,940GZZLUSKW,940GZZLUCPN,stockwell,clapham north,stockwell,clapham north
northern,940GZZLUCPN,940GZZLUCPC,clapham north,clapham common,clapham north,clapham common
northern,940GZZLUCPC,940GZZLUCPS,clapham common,clapham south,clapham common,clapham south
northern,940GZZLUCPS,940GZZLUBLM,clapham south,balham,clapham south,balham
northern,940GZZLUBLM,940GZZLUTBC,balham,tooting bec,balham,tooting bec
northern,940GZZLUTBC,940GZZLUTBY,tooting bec,tooting broadway,tooting bec,tooting broadway
northern,940GZZLUTBY,940GZZLUCSD,tooting broadway,colliers wood,tooting broadway,colliers wood
northern,940GZZLUCSD,940GZZLUSWN,colliers wood,south wimbledon,colliers wood,south wimbledon
northern,940GZZLUSWN,940GZZLUMDN,south wimbledon,morden,south wimbledon,morden
northern,940GZZLUCTN,940GZZLUMTC,camden town,mornington crescent,camden town,mornington crescent
northern,940GZZLUMTC,940GZZLUEUS,mornington crescent,euston,mornington crescent,euston
northern,940GZZLUEUS,940GZZLUWRR,euston,warren street,euston,warren street
northern,940GZZLUWRR,940GZZLUGDG,warren street,goodge street,warren street,goodge street
northern,940GZZLUGDG,940GZZLUTCR,goodge street,tottenham court road,goodge street,tottenham court road
northern,940GZZLUTCR,940GZZLULSQ,tottenham court road,leicester square,tottenham court road,leicester square
northern,940GZZLULSQ,940GZZLUCHX,leicester square,charing cross,leicester square,charing cross
northern,940GZZLUCHX,940GZZLUEMB,charing cross,embankment,charing cross,embankment
northern,940GZZLUEMB,940GZZLUWLO,embankment,waterloo,embankment,waterloo
northern,940GZZLUWLO,940GZZLUKNG,waterloo,kennington,waterloo,kennington
northern,940GZZLUKNG,940GZZNEUGST,kennington,nine elms,kennington,nine elms
northern,940GZZNEUGST,940GZZBPSUST,nine elms,battersea power,nine elms,battersea power
northern,940GZZLUHBT,940GZZLUTAW,high barnet,totteridge and whetstone,high barnet,totteridge and whetstone
northern,940GZZLUTAW,940GZZLUWOP,totteridge and whetstone,woodside park,totteridge and whetstone,woodside park
northern,940GZZLUWOP,940GZZLUWFN,woodside park,west finchley,woodside park,west finchley
northern,940GZZLUWFN,940GZZLUFYC,west finchley,finchley central,west finchley,finchley central
northern,940GZZLUFYC,940GZZLUEFY,finchley central,east finchley,finchley central,east finchley
northern,940GZZLUEFY,940GZZLUHGT,east finchley,highgate,east finchley,highgate
northern,940GZZLUHGT,940GZZLUACY,highgate,archway,highgate,archway
northern,940GZZLUACY,940GZZLUTFP,archway,tufnell park,archway,tufnell park
northern,940GZZLUTFP,940GZZLUKSH,tufnell park,kentish town,tufnell park,kentish town
northern,940GZZLUKSH,940GZZLUCTN,kentish town,camden town,kentish town,camden town
northern,940GZZLUMHL,940GZZLUFYC,mill hill east,finchley central,mill hill east,finchley central
northern,940GZZLUMDN,940GZZLUSWN,morden,south wimbledon,morden,south wimbledon
northern,940GZZLUSWN,940GZZLUCSD,south wimbledon,colliers wood,south wimbledon,colliers wood
northern,940GZZLUCSD,940GZZLUTBY,colliers wood,tooting broadway,colliers wood,tooting broadway
northern,940GZZLUTBY,940GZZLUTBC,tooting broadway,tooting bec,tooting broadway,tooting bec
northern,940GZZLUTBC,940GZZLUBLM,tooting bec,balham,tooting bec,balham
northern,940GZZLUBLM,940GZZLUCPS,balham,clapham south,balham,clapham south
northern,940GZZLUCPS,940GZZLUCPC,clapham south,clapham common,clapham south,clapham common
northern,940GZZLUCPC,940GZZLUCPN,clapham common,clapham north,clapham common,clapham north
northern,940GZZLUCPN,940GZZLUSKW,clapham north,stockwell,clapham north,stockwell
northern,940GZZLUSKW,940GZZLUOVL,stockwell,oval,stockwell,oval
northern,940GZZLUOVL,940GZZLUKNG,oval,kennington,oval,kennington
northern,940GZZLUKNG,940GZZLUEAC,kennington,elephant and castle,kennington,elephant and castle
northern,940GZZLUEAC,940GZZLUBOR,elephant and castle,borough,elephant and castle,borough
northern,940GZZLUBOR,940GZZLULNB,borough,london bridge,borough,london bridge
northern,940GZZLULNB,940GZZLUBNK,london bridge,bank,london bridge,bank
northern,940GZZLUBNK,940GZZLUMGT,bank,moorgate,bank,moorgate
northern,940GZZLUMGT,940GZZLUODS,moorgate,old street,moorgate,old street
northern,940GZZLUODS,940GZZLUAGL,old street,angel,old street,angel
northern,940GZZLUAGL,940GZZLUKSX,angel,kings cross st. pancras,angel,kings cross st. pancras
northern,940GZZLUKSX,940GZZLUEUS,kings cross st. pancras,euston,kings cross st. pancras,euston
northern,940GZZLUEUS,940GZZLUCTN,euston,camden town,euston,camden town
northern,940GZZLUFYC,940GZZLUMHL,finchley central,mill hill east,finchley central,mill hill east
piccadilly,940GZZLUCKS,940GZZLUOAK,cockfosters,oakwood,cockfosters,oakwood
piccadilly,940GZZLUOAK,940GZZLUSGT,oakwood,southgate,oakwood,southgate
piccadilly,940GZZLUSGT,940GZZLUASG,southgate,arnos grove,southgate,arnos grove
piccadilly,940GZZLUASG,940GZZLUBDS,arnos grove,bounds green,arnos grove,bounds green
piccadilly,940GZZLUBDS,940GZZLUWOG,bounds green,wood green,bounds green,wood green
piccadilly,940GZZLUWOG,940GZZLUTPN,wood green,turnpike lane,wood green,turnpike lane
piccadilly,940GZZLUTPN,940GZZLUMRH,turnpike lane,manor house,turnpike lane,manor house
piccadilly,940GZZLUMRH,940GZZLUFPK,manor house,finsbury park,manor house,finsbury park
piccadilly,940GZZLUFPK,940GZZLUASL,finsbury park,arsenal,finsbury park,arsenal
piccadilly,940GZZLUASL,940GZZLUHWY,arsenal,holloway road,arsenal,holloway road
piccadilly,940GZZLUHWY,940GZZLUCAR,holloway road,caledonian road,holloway road,caledonian road
piccadilly,940GZZLUCAR,940GZZLUKSX,caledonian road,kings cross st. pancras,caledonian road,kings cross st. pancras
piccadilly,940GZZLUKSX,940GZZLURSQ,kings cross st. pancras,russell square,kings cross st. pancras,russell square
piccadilly,940GZZLURSQ,940GZZLUHBN,russell square,holborn,russell square,holborn
piccadilly,940GZZLUHBN,940GZZLUCGN,holborn,covent garden,holborn,covent garden
piccadilly,940GZZLUCGN,940GZZLULSQ,covent garden,leicester square,covent garden,leicester square
piccadilly,940GZZLULSQ,940GZZLUPCC,leicester square,piccadilly circus,leicester square,piccadilly circus
piccadilly,940GZZLUPCC,940GZZLUGPK,piccadilly circus,green park,piccadilly circus,green park
piccadilly,940GZZLUGPK,940GZZLUHPC,green park,hyde park corner,green park,hyde park corner
piccadilly,940GZZLUHPC,940GZZLUKNB,hyde park corner,knightsbridge,hyde park corner,knightsbridge
piccadilly,940GZZLUKNB,940GZZLUSKS,knightsbridge,south kensington,knightsbridge,south kensington
piccadilly,940GZZLUSKS,940GZZLUGTR,south kensington,gloucester road,south kensington,gloucester road
piccadilly,940GZZLUGTR,940GZZLUECT,gloucester road,earls court,gloucester road,earls court
piccadilly,940GZZLUECT,940GZZLUBSC,earls court,barons court,earls court,barons court
piccadilly,940GZZLUBSC,940GZZLUHSD,barons court,hammersmith (distandpicc line),barons court,hammersmith (distandpicc line)
piccadilly,940GZZLUHSD,940GZZLUTNG,hammersmith (distandpicc line),turnham green,hammersmith (distandpicc line),turnham green
piccadilly,940GZZLUTNG,940GZZLUACT,turnham green,acton town,turnham green,acton town
piccadilly,940GZZLUACT,940GZZLUECM,acton town,ealing common,acton town,ealing common
piccadilly,940GZZLUECM,940GZZLUNEN,ealing common,north ealing,ealing common,north ealing
piccadilly,940GZZLUNEN,940GZZLUPKR,north ealing,park royal,north ealing,park royal
piccadilly,940GZZLUPKR,940GZZLUALP,park royal,alperton,park royal,alperton
piccadilly,940GZZLUALP,940GZZLUSUT,alperton,sudbury town,alperton,sudbury town
piccadilly,940GZZLUSUT,940GZZLUSUH,sudbury town,sudbury hill,sudbury town,sudbury hill
piccadilly,940GZZLUSUH,940GZZLUSHH,sudbury hill,south harrow,sudbury hill,south harrow
piccadilly,940GZZLUSHH,940GZZLURYL,south harrow,rayners lane,south harrow,rayners lane
piccadilly,940GZZLURYL,940GZZLUEAE,rayners lane,eastcote,rayners lane,eastcote
piccadilly,940GZZLUEAE,940GZZLURSM,eastcote,ruislip manor,eastcote,ruislip manor
piccadilly,940GZZLURSM,940GZZLURSP,ruislip manor,ruislip,ruislip manor,ruislip
piccadilly,940GZZLURSP,940GZZLUICK,ruislip,ickenham,ruislip,ickenham
piccadilly,940GZZLUICK,940GZZLUHGD,ickenham,hillingdon,ickenham,hillingdon
piccadilly,940GZZLUHGD,940GZZLUUXB,hillingdon,uxbridge,hillingdon,uxbridge
piccadilly,940GZZLUACT,940GZZLUSEA,acton town,south ealing,acton town,south ealing
piccadilly,940GZZLUSEA,940GZZLUNFD,south ealing,northfields,south ealing,northfields
piccadilly,940GZZLUNFD,940GZZLUBOS,northfields,boston manor,northfields,boston manor
piccadilly,940GZZLUBOS,940GZZLUOSY,boston manor,osterley,boston manor,osterley
piccadilly,940GZZLUOSY,940GZZLUHWE,osterley,hounslow east,osterley,hounslow east
piccadilly,940GZZLUHWE,940GZZLUHWC,hounslow east,hounslow central,hounslow east,hounslow central
piccadilly,940GZZLUHWC,940GZZLUHWT,hounslow central,hounslow west,hounslow central,hounslow west
piccadilly,940GZZLUHWT,940GZZLUHNX,hounslow west,hatton cross,hounslow west,hatton cross
piccadilly,940GZZLUHNX,940GZZLUHR4,hatton cross,heathrow terminal 4,hatton cross,heathrow terminal 4
piccadilly,940GZZLUHNX,940GZZLUHRC,hatton cross,heathrow terminals 2 and 3,hatton cross,heathrow terminals 2 and 3
piccadilly,940GZZLUHRC,940GZZLUHR5,heathrow terminals 2 and 3,heathrow terminal 5,heathrow terminals 2 and 3,heathrow terminal 5
piccadilly,940GZZLUHR4,940GZZLUHRC,heathrow terminal 4,heathrow terminals 2 and 3,heathrow terminal 4,heathrow terminals 2 and 3
piccadilly,940GZZLUHRC,940GZZLUHNX,heathrow terminals 2 and 3,hatton cross,heathrow terminals 2 and 3,hatton cross
piccadilly,940GZZLUHNX,940GZZLUHWT,hatton cross,hounslow west,hatton cross,hounslow west
piccadilly,940GZZLUHWT,940GZZLUHWC,hounslow west,hounslow central,hounslow west,hounslow central
piccadilly,940GZZLUHWC,940GZZLUHWE,hounslow central,hounslow east,hounslow central,hounslow east
piccadilly,940GZZLUHWE,940GZZLUOSY,hounslow east,osterley,hounslow east,osterley
piccadilly,940GZZLUOSY,940GZZLUBOS,osterley,boston manor,osterley,boston manor
piccadilly,940GZZLUBOS,940GZZLUNFD,boston manor,northfields,boston manor,northfields
piccadilly,940GZZLUNFD,940GZZLUSEA,northfields,south ealing,northfields,south ealing
piccadilly,940GZZLUSEA,940GZZLUACT,south ealing,acton town,south ealing,acton town
piccadilly,940GZZLUACT,940GZZLUTNG,acton town,turnham green,acton town,turnham green
piccadilly,940GZZLUTNG,940GZZLUHSD,turnham green,hammersmith (distandpicc line),turnham green,hammersmith (distandpicc line)
piccadilly,940GZZLUHSD,940GZZLUBSC,hammersmith (distandpicc line),barons court,hammersmith (distandpicc line),barons court
piccadilly,940GZZLUBSC,940GZZLUECT,barons court,earls court,barons court,earls court
piccadilly,940GZZLUECT,940GZZLUGTR,earls court,gloucester road,earls court,gloucester road
piccadilly,940GZZLUGTR,940GZZLUSKS,gloucester road,south kensington,gloucester road,south kensington
piccadilly,940GZZLUSKS,940GZZLUKNB,south kensington,knightsbridge,south kensington,knightsbridge
piccadilly,940GZZLUKNB,940GZZLUHPC,knightsbridge,hyde park corner,knightsbridge,hyde park corner
piccadilly,940GZZLUHPC,940GZZLUGPK,hyde park corner,green park,hyde park corner,green park
piccadilly,940GZZLUGPK,940GZZLUPCC,green park,piccadilly circus,green park,piccadilly circus
piccadilly,940GZZLUPCC,940GZZLULSQ,piccadilly circus,leicester square,piccadilly circus,leicester square
piccadilly,940GZZLULSQ,940GZZLUCGN,leicester square,covent garden,leicester square,covent garden
piccadilly,940GZZLUCGN,940GZZLUHBN,covent garden,holborn,covent garden,holborn
piccadilly,940GZZLUHBN,940GZZLURSQ,holborn,russell square,holborn,russell square
piccadilly,940GZZLURSQ,940GZZLUKSX,russell square,kings cross st. pancras,russell square,kings cross st. pancras
piccadilly,940GZZLUKSX,940GZZLUCAR,kings cross st. pancras,caledonian road,kings cross st. pancras,caledonian road
piccadilly,940GZZLUCAR,940GZZLUHWY,caledonian road,holloway road,caledonian road,holloway road
piccadilly,940GZZLUHWY,940GZZLUASL,holloway road,arsenal,holloway road,arsenal
piccadilly,940GZZLUASL,940GZZLUFPK,arsenal,finsbury park,arsenal,finsbury park
piccadilly,940GZZLUFPK,940GZZLUMRH,finsbury park,manor house,finsbury park,manor house
piccadilly,940GZZLUMRH,940GZZLUTPN,manor house,turnpike lane,manor house,turnpike lane
piccadilly,940GZZLUTPN,940GZZLUWOG,turnpike lane,wood green,turnpike lane,wood green
piccadilly,940GZZLUWOG,940GZZLUBDS,wood green,bounds green,wood green,bounds green
piccadilly,940GZZLUBDS,940GZZLUASG,bounds green,arnos grove,bounds green,arnos grove
piccadilly,940GZZLUASG,940GZZLUSGT,arnos grove,southgate,arnos grove,southgate
piccadilly,940GZZLUSGT,940GZZLUOAK,southgate,oakwood,southgate,oakwood
piccadilly,940GZZLUOAK,940GZZLUCKS,oakwood,cockfosters,oakwood,cockfosters
piccadilly,940GZZLUHR5,940GZZLUHRC,heathrow terminal 5,heathrow terminals 2 and 3,heathrow terminal 5,heathrow terminals 2 and 3
piccadilly,940GZZLUUXB,940GZZLUHGD,uxbridge,hillingdon,uxbridge,hillingdon
piccadilly,940GZZLUHGD,940GZZLUICK,hillingdon,ickenham,hillingdon,ickenham
piccadilly,940GZZLUICK,940GZZLURSP,ickenham,ruislip,ickenham,ruislip
piccadilly,940GZZLURSP,940GZZLURSM,ruislip,ruislip manor,ruislip,ruislip manor
piccadilly,940GZZLURSM,940GZZLUEAE,ruislip manor,eastcote,ruislip manor,eastcote
piccadilly,940GZZLUEAE,940GZZLURYL,eastcote,rayners lane,eastcote,rayners lane
piccadilly,940GZZLURYL,940GZZLUSHH,rayners lane,south harrow,rayners lane,south harrow
piccadilly,940GZZLUSHH,940GZZLUSUH,south harrow,sudbury hill,south harrow,sudbury hill
piccadilly,940GZZLUSUH,940GZZLUSUT,sudbury hill,sudbury town,sudbury hill,sudbury town
piccadilly,940GZZLUSUT,940GZZLUALP,sudbury town,alperton,sudbury town,alperton
piccadilly,940GZZLUALP,940GZZLUPKR,alperton,park royal,alperton,park royal
piccadilly,940GZZLUPKR,940GZZLUNEN,park royal,north ealing,park royal,north ealing
piccadilly,940GZZLUNEN,940GZZLUECM,north ealing,ealing common,north ealing,ealing common
piccadilly,940GZZLUECM,940GZZLUACT,ealing common,acton town,ealing common,acton town
victoria,940GZZLUBXN,940GZZLUSKW,brixton,stockwell,brixton,stockwell
victoria,940GZZLUSKW,940GZZLUVXL,stockwell,vauxhall,stockwell,vauxhall
victoria,940GZZLUVXL,940GZZLUPCO,vauxhall,pimlico,vauxhall,pimlico
victoria,940GZZLUPCO,940GZZLUVIC,pimlico,victoria,pimlico,victoria
victoria,940GZZLUVIC,940GZZLUGPK,victoria,green park,victoria,green park
victoria,940GZZLUGPK,940GZZLUOXC,green park,oxford circus,green park,oxford circus
victoria,940GZZLUOXC,940GZZLUWRR,oxford circus,warren street,oxford circus,warren street
victoria,940GZZLUWRR,940GZZLUEUS,warren street,euston,warren street,euston
victoria,940GZZLUEUS,940GZZLUKSX,euston,kings cross st. pancras,euston,kings cross st. pancras
victoria,940GZZLUKSX,940GZZLUHAI,kings cross st. pancras,highbury and islington,kings cross st. pancras,highbury and islington
victoria,940GZZLUHAI,940GZZLUFPK,highbury and islington,finsbury park,highbury and islington,finsbury park
victoria,940GZZLUFPK,940GZZLUSVS,finsbury park,seven sisters,finsbury park,seven sisters
victoria,940GZZLUSVS,940GZZLUTMH,seven sisters,tottenham hale,seven sisters,tottenham hale
victoria,940GZZLUTMH,940GZZLUBLR,tottenham hale,blackhorse road,tottenham hale,blackhorse road
victoria,940GZZLUBLR,940GZZLUWWL,blackhorse road,walthamstow central,blackhorse road,walthamstow central
victoria,940GZZLUWWL,940GZZLUBLR,walthamstow central,blackhorse road,walthamstow central,blackhorse road
victoria,940GZZLUBLR,940GZZLUTMH,blackhorse road,tottenham hale,blackhorse road,tottenham hale
victoria,940GZZLUTMH,940GZZLUSVS,tottenham hale,seven sisters,tottenham hale,seven sisters
victoria,940GZZLUSVS,940GZZLUFPK,seven sisters,finsbury park,seven sisters,finsbury park
victoria,940GZZLUFPK,940GZZLUHAI,finsbury park,highbury and islington,finsbury park,highbury and islington
victoria,940GZZLUHAI,940GZZLUKSX,highbury and islington,kings cross st. pancras,highbury and islington,kings cross st. pancras
victoria,940GZZLUKSX,940GZZLUEUS,kings cross st. pancras,euston,kings cross st. pancras,euston
victoria,940GZZLUEUS,940GZZLUWRR,euston,warren street,euston,warren street
victoria,940GZZLUWRR,940GZZLUOXC,warren street,oxford circus,warren street,oxford circus
victoria,940GZZLUOXC,940GZZLUGPK,oxford circus,green park,oxford circus,green park
victoria,940GZZLUGPK,940GZZLUVIC,green park,victoria,green park,victoria
victoria,940GZZLUVIC,940GZZLUPCO,victoria,pimlico,victoria,pimlico
victoria,940GZZLUPCO,940GZZLUVXL,pimlico,vauxhall,pimlico,vauxhall
victoria,940GZZLUVXL,940GZZLUSKW,vauxhall,stockwell,vauxhall,stockwell
victoria,940GZZLUSKW,940GZZLUBXN,stockwell,brixton,stockwell,brixton
waterloo-city,940GZZLUBNK,940GZZLUWLO,bank,waterloo,bank,waterloo
waterloo-city,940GZZLUWLO,940GZZLUBNK,waterloo,bank,waterloo,bank
