line,from_id,to_id
bakerloo,940GZZLUEAC,940GZZLULBN
bakerloo,940GZZLULBN,940GZZLUWLO
bakerloo,940GZZLUWLO,940GZZLUEMB
bakerloo,940GZZLUEMB,940GZZLUCHX
bakerloo,940GZZLUCHX,940GZZLUPCC
bakerloo,940GZZLUPCC,940GZZLUOXC
bakerloo,940GZZLUOXC,940GZZLURGP
bakerloo,940GZZLURGP,940GZZLUBST
bakerloo,940GZZLUBST,940GZZLUMYB
bakerloo,940GZZLUMYB,940GZZLUERB
bakerloo,940GZZLUERB,940GZZLUPAC
bakerloo,940GZZLUPAC,940GZZLUWKA
bakerloo,940GZZLUWKA,940GZZLUMVL
bakerloo,940GZZLUMVL,940GZZLUKPK
bakerloo,940GZZLUKPK,940GZZLUQPS
bakerloo,940GZZLUQPS,940GZZLUKSL
bakerloo,940GZZLUKSL,940GZZLUWJN
bakerloo,940GZZLUWJN,940GZZLUHSN
bakerloo,940GZZLUHSN,940GZZLUSGP
bakerloo,940GZZLUSGP,940GZZLUWYC
bakerloo,940GZZLUWYC,940GZZLUNWY
bakerloo,940GZZLUNWY,940GZZLUSKT
bakerloo,940GZZLUSKT,940GZZLUKEN
bakerloo,940GZZLUKEN,940GZZLUHAW
bakerloo,940GZZLUHAW,940GZZLUKEN
bakerloo,940GZZLUKEN,940GZZLUSKT
bakerloo,940GZZLUSKT,940GZZLUNWY
bakerloo,940GZZLUNWY,940GZZLUWYC
bakerloo,940GZZLUWYC,940GZZLUSGP
bakerloo,940GZZLUSGP,940GZZLUHSN
bakerloo,940GZZLUHSN,940GZZLUWJN
bakerloo,940GZZLUWJN,940GZZLUKSL
bakerloo,940GZZLUKSL,940GZZLUQPS
bakerloo,940GZZLUQPS,940GZZLUKPK
bakerloo,940GZZLUKPK,940GZZLUMVL
bakerloo,940GZZLUMVL,940GZZLUWKA
bakerloo,940GZZLUWKA,940GZZLUPAC
bakerloo,940GZZLUPAC,940GZZLUERB
bakerloo,940GZZLUERB,940GZZLUMYB
bakerloo,940GZZLUMYB,940GZZLUBST
bakerloo,940GZZLUBST,940GZZLURGP
bakerloo,940GZZLURGP,940GZZLUOXC
bakerloo,940GZZLUOXC,940GZZLUPCC
bakerloo,940GZZLUPCC,940GZZLUCHX
bakerloo,940GZZLUCHX,940GZZLUEMB
bakerloo,940GZZLUEMB,940GZZLUWLO
bakerloo,940GZZLUWLO,940GZZLULBN
bakerloo,940GZZLULBN,940GZZLUEAC
central,940GZZLUEBY,940GZZLUWTA
central,940GZZLUWTA,940GZZLUNAN
central,940GZZLUNAN,940GZZLUEAN
central,940GZZLUEAN,940GZZLUWCY
central,940GZZLUWCY,940GZZLUSBC
central,940GZZLUSBC,940GZZLUHPK
central,940GZZLUHPK,940GZZLUNHG
central,940GZZLUNHG,940GZZLUQWY
central,940GZZLUQWY,940GZZLULGT
central,940GZZLULGT,940GZZLUMBA
central,940GZZLUMBA,940GZZLUBND
central,940GZZLUBND,940GZZLUOXC
central,940GZZLUOXC,940GZZLUTCR
central,940GZZLUTCR,940GZZLUHBN
central,940GZZLUHBN,940GZZLUCHL
central,940GZZLUCHL,940GZZLUSPU
central,940GZZLUSPU,940GZZLUBNK
central,940GZZLUBNK,940GZZLULVT
central,940GZZLULVT,940GZZLUBLG
central,940GZZLUBLG,940GZZLUMED
central,940GZZLUMED,940GZZLUSTD
central,940GZZLUSTD,940GZZLULYN
central,940GZZLULYN,940GZZLULYS
central,940GZZLULYS,940GZZLUSNB
central,940GZZLUSNB,940GZZLUSWF
central,940GZZLUSWF,940GZZLUWOF
central,940GZZLUWOF,940GZZLUBKH
central,940GZZLUBKH,940GZZLULGN
central,940GZZLULGN,940GZZLUDBN
central,940GZZLUDBN,940GZZLUTHB
central,940GZZLUTHB,940GZZLUEPG
central,940GZZLULYS,940GZZLUWSD
central,940GZZLUWSD,940GZZLURBG
central,940GZZLURBG,940GZZLUGTH
central,940GZZLUGTH,940GZZLUNBP
central,940GZZLUNBP,940GZZLUBKE
central,940GZZLUBKE,940GZZLUFLP
central,940GZZLUFLP,940GZZLUHLT
central,940GZZLUEPG,940GZZLUTHB
central,940GZZLUTHB,940GZZLUDBN
central,940GZZLUDBN,940GZZLULGN
central,940GZZLULGN,940GZZLUBKH
central,940GZZLUBKH,940GZZLUWOF
central,940GZZLUWOF,940GZZLUSWF
central,940GZZLUSWF,940GZZLUSNB
central,940GZZLUSNB,940GZZLULYS
central,940GZZLULYS,940GZZLULYN
central,940GZZLULYN,940GZZLUSTD
central,940GZZLUSTD,940GZZLUMED
central,940GZZLUMED,940GZZLUBLG
central,940GZZLUBLG,940GZZLULVT
central,940GZZLULVT,940GZZLUBNK
central,940GZZLUBNK,940GZZLUSPU
central,940GZZLUSPU,940GZZLUCHL
central,940GZZLUCHL,940GZZLUHBN
central,940GZZLUHBN,940GZZLUTCR
central,940GZZLUTCR,940GZZLUOXC
central,940GZZLUOXC,940GZZLUBND
central,940GZZLUBND,940GZZLUMBA
central,940GZZLUMBA,940GZZLULGT
central,940GZZLULGT,940GZZLUQWY
central,940GZZLUQWY,940GZZLUNHG
central,940GZZLUNHG,940GZZLUHPK
central,940GZZLUHPK,940GZZLUSBC
central,940GZZLUSBC,940GZZLUWCY
central,940GZZLUWCY,940GZZLUEAN
central,940GZZLUEAN,940GZZLUNAN
central,940GZZLUNAN,940GZZLUHGR
central,940GZZLUHGR,940GZZLUPVL
central,940GZZLUPVL,940GZZLUGFD
central,940GZZLUGFD,940GZZLUNHT
central,940GZZLUNHT,940GZZLUSRP
central,940GZZLUSRP,940GZZLURSG
central,940GZZLURSG,940GZZLUWRP
central,940GZZLUNAN,940GZZLUWTA
central,940GZZLUWTA,940GZZLUEBY
central,940GZZLUHLT,940GZZLUFLP
central,940GZZLUFLP,940GZZLUBKE
central,940GZZLUBKE,940GZZLUNBP
central,940GZZLUNBP,940GZZLUGTH
central,940GZZLUGTH,940GZZLURBG
central,940GZZLURBG,940GZZLUWSD
central,940GZZLUWSD,940GZZLULYS
central,940GZZLUHLT,940GZZLUGGH
central,940GZZLUGGH,940GZZLUCWL
central,940GZZLUCWL,940GZZLURVY
central,940GZZLURVY,940GZZLUWOF
central,940GZZLUWRP,940GZZLURSG
central,940GZZLURSG,940GZZLUSRP
central,940GZZLUSRP,940GZZLUNHT
central,940GZZLUNHT,940GZZLUGFD
central,940GZZLUGFD,940GZZLUPVL
central,940GZZLUPVL,940GZZLUHGR
central,940GZZLUHGR,940GZZLUNAN
central,940GZZLUWOF,940GZZLURVY
central,940GZZLURVY,940GZZLUCWL
central,940GZZLUCWL,940GZZLUGGH
central,940GZZLUGGH,940GZZLUHLT
circle,940GZZLUERC,940GZZLUPAC
circle,940GZZLUPAC,940GZZLUBWT
circle,940GZZLUBWT,940GZZLUNHG
circle,940GZZLUNHG,940GZZLUHSK
circle,940GZZLUHSK,940GZZLUGTR
circle,940GZZLUGTR,940GZZLUSKS
circle,940GZZLUSKS,940GZZLUSSQ
circle,940GZZLUSSQ,940GZZLUVIC
circle,940GZZLUVIC,940GZZLUSJP
circle,940GZZLUSJP,940GZZLUWSM
circle,940GZZLUWSM,940GZZLUEMB
circle,940GZZLUEMB,940GZZLUTMP
circle,940GZZLUTMP,940GZZLUBKF
circle,940GZZLUBKF,940GZZLUMSH
circle,940GZZLUMSH,940GZZLUCST
circle,940GZZLUCST,940GZZLUMMT
circle,940GZZLUMMT,940GZZLUTWH
circle,940GZZLUTWH,940GZZLUALD
circle,940GZZLUALD,940GZZLULVT
circle,940GZZLULVT,940GZZLUMGT
circle,940GZZLUMGT,940GZZLUBBN
circle,940GZZLUBBN,940GZZLUFCN
circle,940GZZLUFCN,940GZZLUKSX
circle,940GZZLUKSX,940GZZLUESQ
circle,940GZZLUESQ,940GZZLUGPS
circle,940GZZLUGPS,940GZZLUBST
circle,940GZZLUBST,940GZZLUERC
circle,940GZZLUERC,940GZZLUPAH
circle,940GZZLUPAH,940GZZLURYO
circle,940GZZLURYO,940GZZLUWSP
circle,940GZZLUWSP,940GZZLULAD
circle,940GZZLULAD,940GZZLULRD
circle,940GZZLULRD,940GZZLUWLA
circle,940GZZLUWLA,940GZZLUSBM
circle,940GZZLUSBM,940GZZLUGHK
circle,940GZZLUGHK,940GZZLUHSC
circle,940GZZLUHSC,940GZZLUGHK
circle,940GZZLUGHK,940GZZLUSBM
circle,940GZZLUSBM,940GZZLUWLA
circle,940GZZLUWLA,940GZZLULRD
circle,940GZZLULRD,940GZZLULAD
circle,940GZZLULAD,940GZZLUWSP
circle,940GZZLUWSP,940GZZLURYO
circle,940GZZLURYO,940GZZLUPAH
circle,940GZZLUPAH,940GZZLUERC
circle,940GZZLUERC,940GZZLUBST
circle,940GZZLUBST,940GZZLUGPS
circle,940GZZLUGPS,940GZZLUESQ
circle,940GZZLUESQ,940GZZLUKSX
circle,940GZZLUKSX,940GZZLUFCN
circle,940GZZLUFCN,940GZZLUBBN
circle,940GZZLUBBN,940GZZLUMGT
circle,940GZZLUMGT,940GZZLULVT
circle,940GZZLULVT,940GZZLUALD
circle,940GZZLUALD,940GZZLUTWH
circle,940GZZLUTWH,940GZZLUMMT
circle,940GZZLUMMT,940GZZLUCST
circle,940GZZLUCST,940GZZLUMSH
circle,940GZZLUMSH,940GZZLUBKF
circle,940GZZLUBKF,940GZZLUTMP
circle,940GZZLUTMP,940GZZLUEMB
circle,940GZZLUEMB,940GZZLUWSM
circle,940GZZLUWSM,940GZZLUSJP
circle,940GZZLUSJP,940GZZLUVIC
circle,940GZZLUVIC,940GZZLUSSQ
circle,940GZZLUSSQ,940GZZLUSKS
circle,940GZZLUSKS,940GZZLUGTR
circle,940GZZLUGTR,940GZZLUHSK
circle,940GZZLUHSK,940GZZLUNHG
circle,940GZZLUNHG,940GZZLUBWT
circle,940GZZLUBWT,940GZZLUPAC
circle,940GZZLUPAC,940GZZLUERC
district,940GZZLUEBY,940GZZLUECM
district,940GZZLUECM,940GZZLUACT
district,940GZZLUACT,940GZZLUCWP
district,940GZZLUCWP,940GZZLUTNG
district,940GZZLUTNG,940GZZLUSFB
district,940GZZLUSFB,940GZZLURVP
district,940GZZLURVP,940GZZLUHSD
district,940GZZLUHSD,940GZZLUBSC
district,940GZZLUBSC,940GZZLUWKN
district,940GZZLUWKN,940GZZLUECT
district,940GZZLUECT,940GZZLUGTR
district,940GZZLUGTR,940GZZLUSKS
district,940GZZLUSKS,940GZZLUSSQ
district,940GZZLUSSQ,940GZZLUVIC
district,940GZZLUVIC,940GZZLUSJP
district,940GZZLUSJP,940GZZLUWSM
district,940GZZLUWSM,940GZZLUEMB
district,940GZZLUEMB,940GZZLUTMP
district,940GZZLUTMP,940GZZLUBKF
district,940GZZLUBKF,940GZZLUMSH
district,940GZZLUMSH,940GZZLUCST
district,940GZZLUCST,940GZZLUMMT
district,940GZZLUMMT,940GZZLUTWH
district,940GZZLUTWH,940GZZLUADE
district,940GZZLUADE,940GZZLUWPL
district,940GZZLUWPL,940GZZLUSGN
district,940GZZLUSGN,940GZZLUMED
district,940GZZLUMED,940GZZLUBWR
district,940GZZLUBWR,940GZZLUBBB
district,940GZZLUBBB,940GZZLUWHM
district,940GZZLUWHM,940GZZLUPLW
district,940GZZLUPLW,940GZZLUUPK
district,940GZZLUUPK,940GZZLUEHM
district,940GZZLUEHM,940GZZLUBKG
district,940GZZLUBKG,940GZZLUUPY
district,940GZZLUUPY,940GZZLUBEC
district,940GZZLUBEC,940GZZLUDGY
district,940GZZLUDGY,940GZZLUDGE
district,940GZZLUDGE,940GZZLUEPK
district,940GZZLUEPK,940GZZLUHCH
district,940GZZLUHCH,940GZZLUUPB
district,940GZZLUUPB,940GZZLUUPM
district,940GZZLUECT,940GZZLUHSK
district,940GZZLUHSK,940GZZLUNHG
district,940GZZLUNHG,940GZZLUBWT
district,940GZZLUBWT,940GZZLUPAC
district,940GZZLUPAC,940GZZLUERC
district,940GZZLUERC,940GZZLUPAC
district,940GZZLUPAC,940GZZLUBWT
district,940GZZLUBWT,940GZZLUNHG
district,940GZZLUNHG,940GZZLUHSK
district,940GZZLUHSK,940GZZLUECT
district,940GZZLUECT,940GZZLUKOY
district,940GZZLUECT,940GZZLUWBN
district,940GZZLUWBN,940GZZLUFBY
district,940GZZLUFBY,940GZZLUPSG
district,940GZZLUPSG,940GZZLUPYB
district,940GZZLUPYB,940GZZLUEPY
district,940GZZLUEPY,940GZZLUSFS
district,940GZZLUSFS,940GZZLUWIP
district,940GZZLUWIP,940GZZLUWIM
district,940GZZLUECT,940GZZLUWKN
district,940GZZLUWKN,940GZZLUBSC
district,940GZZLUBSC,940GZZLUHSD
district,940GZZLUHSD,940GZZLURVP
district,940GZZLURVP,940GZZLUSFB
district,940GZZLUSFB,940GZZLUTNG
district,940GZZLUTNG,940GZZLUCWP
district,940GZZLUCWP,940GZZLUACT
district,940GZZLUACT,940GZZLUECM
district,940GZZLUECM,940GZZLUEBY
district,940GZZLUTNG,940GZZLUGBY
district,940GZZLUGBY,940GZZLUKWG
district,940GZZLUKWG,940GZZLURMD
district,940GZZLUKOY,940GZZLUECT
district,940GZZLURMD,940GZZLUKWG
district,940GZZLUKWG,940GZZLUGBY
district,940GZZLUGBY,940GZZLUTNG
district,940GZZLUUPM,940GZZLUUPB
district,940GZZLUUPB,940GZZLUHCH
district,940GZZLUHCH,940GZZLUEPK
district,940GZZLUEPK,940GZZLUDGE
district,940GZZLUDGE,940GZZLUDGY
district,940GZZLUDGY,940GZZLUBEC
district,940GZZLUBEC,940GZZLUUPY
district,940GZZLUUPY,940GZZLUBKG
district,940GZZLUBKG,940GZZLUEHM
district,940GZZLUEHM,940GZZLUUPK
district,940GZZLUUPK,940GZZLUPLW
district,940GZZLUPLW,940GZZLUWHM
district,940GZZLUWHM,940GZZLUBBB
district,940GZZLUBBB,940GZZLUBWR
district,940GZZLUBWR,940GZZLUMED
district,940GZZLUMED,940GZZLUSGN
district,940GZZLUSGN,940GZZLUWPL
district,940GZZLUWPL,940GZZLUADE
district,940GZZLUADE,940GZZLUTWH
district,940GZZLUTWH,940GZZLUMMT
district,940GZZLUMMT,940GZZLUCST
district,940GZZLUCST,940GZZLUMSH
district,940GZZLUMSH,940GZZLUBKF
district,940GZZLUBKF,940GZZLUTMP
district,940GZZLUTMP,940GZZLUEMB
district,940GZZLUEMB,940GZZLUWSM
district,940GZZLUWSM,940GZZLUSJP
district,940GZZLUSJP,940GZZLUVIC
district,940GZZLUVIC,940GZZLUSSQ
district,940GZZLUSSQ,940GZZLUSKS
district,940GZZLUSKS,940GZZLUGTR
district,940GZZLUGTR,940GZZLUECT
district,940GZZLUWIM,940GZZLUWIP
district,940GZZLUWIP,940GZZLUSFS
district,940GZZLUSFS,940GZZLUEPY
district,940GZZLUEPY,940GZZLUPYB
district,940GZZLUPYB,940GZZLUPSG
district,940GZZLUPSG,940GZZLUFBY
district,940GZZLUFBY,940GZZLUWBN
district,940GZZLUWBN,940GZZLUECT
hammersmith-city,940GZZLUBKG,940GZZLUEHM
hammersmith-city,940GZZLUEHM,940GZZLUUPK
hammersmith-city,940GZZLUUPK,940GZZLUPLW
hammersmith-city,940GZZLUPLW,940GZZLUWHM
hammersmith-city,940GZZLUWHM,940GZZLUBBB
hammersmith-city,940GZZLUBBB,940GZZLUBWR
hammersmith-city,940GZZLUBWR,940GZZLUMED
hammersmith-city,940GZZLUMED,940GZZLUSGN
hammersmith-city,940GZZLUSGN,940GZZLUWPL
hammersmith-city,940GZZLUWPL,940GZZLUADE
hammersmith-city,940GZZLUADE,940GZZLULVT
hammersmith-city,940GZZLULVT,940GZZLUMGT
hammersmith-city,940GZZLUMGT,940GZZLUBBN
hammersmith-city,940GZZLUBBN,940GZZLUFCN
hammersmith-city,940GZZLUFCN,940GZZLUKSX
hammersmith-city,940GZZLUKSX,940GZZLUESQ
hammersmith-city,940GZZLUESQ,940GZZLUGPS
hammersmith-city,940GZZLUGPS,940GZZLUBST
hammersmith-city,940GZZLUBST,940GZZLUERC
hammersmith-city,940GZZLUERC,940GZZLUPAH
hammersmith-city,940GZZLUPAH,940GZZLURYO
hammersmith-city,940GZZLURYO,940GZZLUWSP
hammersmith-city,940GZZLUWSP,940GZZLULAD
hammersmith-city,940GZZLULAD,940GZZLULRD
hammersmith-city,940GZZLULRD,940GZZLUWLA
hammersmith-city,940GZZLUWLA,940GZZLUSBM
hammersmith-city,940GZZLUSBM,940GZZLUGHK
hammersmith-city,940GZZLUGHK,940GZZLUHSC
hammersmith-city,940GZZLUHSC,940GZZLUGHK
hammersmith-city,940GZZLUGHK,940GZZLUSBM
hammersmith-city,940GZZLUSBM,940GZZLUWLA
hammersmith-city,940GZZLUWLA,940GZZLULRD
hammersmith-city,940GZZLULRD,940GZZLULAD
hammersmith-city,940GZZLULAD,940GZZLUWSP
hammersmith-city,940GZZLUWSP,940GZZLURYO
hammersmith-city,940GZZLURYO,940GZZLUPAH
hammersmith-city,940GZZLUPAH,940GZZLUERC
hammersmith-city,940GZZLUERC,940GZZLUBST
hammersmith-city,940GZZLUBST,940GZZLUGPS
hammersmith-city,940GZZLUGPS,940GZZLUESQ
hammersmith-city,940GZZLUESQ,940GZZLUKSX
hammersmith-city,940GZZLUKSX,940GZZLUFCN
hammersmith-city,940GZZLUFCN,940GZZLUBBN
hammersmith-city,940GZZLUBBN,940GZZLUMGT
hammersmith-city,940GZZLUMGT,940GZZLULVT
hammersmith-city,940GZZLULVT,940GZZLUADE
hammersmith-city,940GZZLUADE,940GZZLUWPL
hammersmith-city,940GZZLUWPL,940GZZLUSGN
hammersmith-city,940GZZLUSGN,940GZZLUMED
hammersmith-city,940GZZLUMED,940GZZLUBWR
hammersmith-city,940GZZLUBWR,940GZZLUBBB
hammersmith-city,940GZZLUBBB,940GZZLUWHM
hammersmith-city,940GZZLUWHM,940GZZLUPLW
hammersmith-city,940GZZLUPLW,940GZZLUUPK
hammersmith-city,940GZZLUUPK,940GZZLUEHM
hammersmith-city,940GZZLUEHM,940GZZLUBKG
jubilee,940GZZLUSTM,940GZZLUCPK
jubilee,940GZZLUCPK,940GZZLUQBY
jubilee,940GZZLUQBY,940GZZLUKBY
jubilee,940GZZLUKBY,940GZZLUWYP
jubilee,940GZZLUWYP,940GZZLUNDN
jubilee,940GZZLUNDN,940GZZLUDOH
jubilee,940GZZLUDOH,940GZZLUWIG
jubilee,940GZZLUWIG,940GZZLUKBN
jubilee,940GZZLUKBN,940GZZLUWHP
jubilee,940GZZLUWHP,940GZZLUFYR
jubilee,940GZZLUFYR,940GZZLUSWC
jubilee,940GZZLUSWC,940GZZLUSJW
jubilee,940GZZLUSJW,940GZZLUBST
jubilee,940GZZLUBST,940GZZLUBND
jubilee,940GZZLUBND,940GZZLUGPK
jubilee,940GZZLUGPK,940GZZLUWSM
jubilee,940GZZLUWSM,940GZZLUWLO
jubilee,940GZZLUWLO,940GZZLUSWK
jubilee,940GZZLUSWK,940GZZLULNB
jubilee,940GZZLULNB,940GZZLUBMY
jubilee,940GZZLUBMY,940GZZLUCWR
jubilee,940GZZLUCWR,940GZZLUCYF
jubilee,940GZZLUCYF,940GZZLUNGW
jubilee,940GZZLUNGW,940GZZLUCGT
jubilee,940GZZLUCGT,940GZZLUWHM
jubilee,940GZZLUWHM,940GZZLUSTD
jubilee,940GZZLUSTD,940GZZLUWHM
jubilee,940GZZLUWHM,940GZZLUCGT
jubilee,940GZZLUCGT,940GZZLUNGW
jubilee,940GZZLUNGW,940GZZLUCYF
jubilee,940GZZLUCYF,940GZZLUCWR
jubilee,940GZZLUCWR,940GZZLUBMY
jubilee,940GZZLUBMY,940GZZLULNB
jubilee,940GZZLULNB,940GZZLUSWK
jubilee,940GZZLUSWK,940GZZLUWLO
jubilee,940GZZLUWLO,940GZZLUWSM
jubilee,940GZZLUWSM,940GZZLUGPK
jubilee,940GZZLUGPK,940GZZLUBND
jubilee,940GZZLUBND,940GZZLUBST
jubilee,940GZZLUBST,940GZZLUSJW
jubilee,940GZZLUSJW,940GZZLUSWC
jubilee,940GZZLUSWC,940GZZLUFYR
jubilee,940GZZLUFYR,940GZZLUWHP
jubilee,940GZZLUWHP,940GZZLUKBN
jubilee,940GZZLUKBN,940GZZLUWIG
jubilee,940GZZLUWIG,940GZZLUDOH
jubilee,940GZZLUDOH,940GZZLUNDN
jubilee,940GZZLUNDN,940GZZLUWYP
jubilee,940GZZLUWYP,940GZZLUKBY
jubilee,940GZZLUKBY,940GZZLUQBY
jubilee,940GZZLUQBY,940GZZLUCPK
jubilee,940GZZLUCPK,940GZZLUSTM
metropolitan,940GZZLUALD,940GZZLULVT
metropolitan,940GZZLULVT,940GZZLUMGT
metropolitan,940GZZLUMGT,940GZZLUBBN
metropolitan,940GZZLUBBN,940GZZLUFCN
metropolitan,940GZZLUFCN,940GZZLUKSX
metropolitan,940GZZLUKSX,940GZZLUESQ
metropolitan,940GZZLUESQ,940GZZLUGPS
metropolitan,940GZZLUGPS,940GZZLUBST
metropolitan,940GZZLUBST,940GZZLUFYR
metropolitan,940GZZLUFYR,940GZZLUWYP
metropolitan,940GZZLUWYP,940GZZLUPRD
metropolitan,940GZZLUPRD,940GZZLUNKP
metropolitan,940GZZLUNKP,940GZZLUHOH
metropolitan,940GZZLUHOH,940GZZLUNHA
metropolitan,940GZZLUNHA,940GZZLUPNR
metropolitan,940GZZLUPNR,940GZZLUNWH
metropolitan,940GZZLUNWH,940GZZLUNOW
metropolitan,940GZZLUNOW,940GZZLUMPK
metropolitan,940GZZLUMPK,940GZZLUCXY
metropolitan,940GZZLUCXY,940GZZLUWAF
metropolitan,940GZZLUMPK,940GZZLURKW
metropolitan,940GZZLURKW,940GZZLUCYD
metropolitan,940GZZLUCYD,940GZZLUCAL
metropolitan,940GZZLUCAL,940GZZLUAMS
metropolitan,940GZZLUCAL,940GZZLUCSM
metropolitan,940GZZLUHOH,940GZZLUWHW
metropolitan,940GZZLUWHW,940GZZLURYL
metropolitan,940GZZLURYL,940GZZLUEAE
metropolitan,940GZZLUEAE,940GZZLURSM
metropolitan,940GZZLURSM,940GZZLURSP
metropolitan,940GZZLURSP,940GZZLUICK
metropolitan,940GZZLUICK,940GZZLUHGD
metropolitan,940GZZLUHGD,940GZZLUUXB
metropolitan,940GZZLUAMS,940GZZLUCAL
metropolitan,940GZZLUCAL,940GZZLUCYD
metropolitan,940GZZLUCYD,940GZZLURKW
metropolitan,940GZZLURKW,940GZZLUMPK
metropolitan,940GZZLUMPK,940GZZLUNOW
metropolitan,940GZZLUNOW,940GZZLUNWH
metropolitan,940GZZLUNWH,940GZZLUPNR
metropolitan,940GZZLUPNR,940GZZLUNHA
metropolitan,940GZZLUNHA,940GZZLUHOH
metropolitan,940GZZLUHOH,940GZZLUNKP
metropolitan,940GZZLUNKP,940GZZLUPRD
metropolitan,940GZZLUPRD,940GZZLUWYP
metropolitan,940GZZLUWYP,940GZZLUWIG
metropolitan,940GZZLUWIG,940GZZLUFYR
metropolitan,940GZZLUFYR,940GZZLUBST
metropolitan,940GZZLUBST,940GZZLUGPS
metropolitan,940GZZLUGPS,940GZZLUESQ
metropolitan,940GZZLUESQ,940GZZLUKSX
metropolitan,940GZZLUKSX,940GZZLUFCN
metropolitan,940GZZLUFCN,940GZZLUBBN
metropolitan,940GZZLUBBN,940GZZLUMGT
metropolitan,940GZZLUMGT,940GZZLULVT
metropolitan,940GZZLULVT,940GZZLUALD
metropolitan,940GZZLUCSM,940GZZLUCAL
metropolitan,940GZZLUWYP,940GZZLUFYR
metropolitan,940GZZLUUXB,940GZZLUHGD
metropolitan,940GZZLUHGD,940GZZLUICK
metropolitan,940GZZLUICK,940GZZLURSP
metropolitan,940GZZLURSP,940GZZLURSM
metropolitan,940GZZLURSM,940GZZLUEAE
metropolitan,940GZZLUEAE,940GZZLURYL
metropolitan,940GZZLURYL,940GZZLUWHW
metropolitan,940GZZLUWHW,940GZZLUHOH
metropolitan,940GZZLUWAF,940GZZLUCXY
metropolitan,940GZZLUCXY,940GZZLUMPK
northern,940GZZBPSUST,940GZZNEUGST
northern,940GZZNEUGST,940GZZLUKNG
northern,940GZZLUKNG,940GZZLUWLO
northern,940GZZLUWLO,940GZZLUEMB
northern,940GZZLUEMB,940GZZLUCHX
northern,940GZZLUCHX,940GZZLULSQ
northern,940GZZLULSQ,940GZZLUTCR
northern,940GZZLUTCR,940GZZLUGDG
northern,940GZZLUGDG,940GZZLUWRR
northern,940GZZLUWRR,940GZZLUEUS
northern,940GZZLUEUS,940GZZLUMTC
northern,940GZZLUMTC,940GZZLUCTN
northern,940GZZLUCTN,940GZZLUCFM
northern,940GZZLUCFM,940GZZLUBZP
northern,940GZZLUBZP,940GZZLUHTD
northern,940GZZLUHTD,940GZZLUGGN
northern,940GZZLUGGN,940GZZLUBTX
northern,940GZZLUBTX,940GZZLUHCL
northern,940GZZLUHCL,940GZZLUCND
northern,940GZZLUCND,940GZZLUBTK
northern,940GZZLUBTK,940GZZLUEGW
northern,940GZZLUCTN,940GZZLUKSH
northern,940GZZLUKSH,940GZZLUTFP
northern,940GZZLUTFP,940GZZLUACY
northern,940GZZLUACY,940GZZLUHGT
northern,940GZZLUHGT,940GZZLUEFY
northern,940GZZLUEFY,940GZZLUFYC
northern,940GZZLUFYC,940GZZLUWFN
northern,940GZZLUWFN,940GZZLUWOP
northern,940GZZLUWOP,940GZZLUTAW
northern,940GZZLUTAW,940GZZLUHBT
northern,940GZZLUEGW,940GZZLUBTK
northern,940GZZLUBTK,940GZZLUCND
northern,940GZZLUCND,940GZZLUHCL
northern,940GZZLUHCL,940GZZLUBTX
northern,940GZZLUBTX,940GZZLUGGN
northern,940GZZLUGGN,940GZZLUHTD
northern,940GZZLUHTD,940GZZLUBZP
northern,940GZZLUBZP,940GZZLUCFM
northern,940GZZLUCFM,940GZZLUCTN
northern,940GZZLUCTN,940GZZLUEUS
northern,940GZZLUEUS,940GZZLUKSX
northern,940GZZLUKSX,940GZZLUAGL
northern,940GZZLUAGL,940GZZLUODS
northern,940GZZLUODS,940GZZLUMGT
northern,940GZZLUMGT,940GZZLUBNK
northern,940GZZLUBNK,940GZZLULNB
northern,940GZZLULNB,940GZZLUBOR
northern,940GZZLUBOR,940GZZLUEAC
northern,940GZZLUEAC,940GZZLUKNG
northern,940GZZLUKNG,940GZZLUOVL
northern,940GZZLUOVL,940GZZLUSKW
northern,940GZZLUSKW,940GZZLUCPN
northern,940GZZLUCPN,940GZZLUCPC
northern,940GZZLUCPC,940GZZLUCPS
northern,940GZZLUCPS,940GZZLUBLM
northern,940GZZLUBLM,940GZZLUTBC
northern,940GZZLUTBC,940GZZLUTBY
northern,940GZZLUTBY,940GZZLUCSD
northern,940GZZLUCSD,940GZZLUSWN
northern,940GZZLUSWN,940GZZLUMDN
northern,940GZZLUCTN,940GZZLUMTC
northern,940GZZLUMTC,940GZZLUEUS
northern,940GZZLUEUS,940GZZLUWRR
northern,940GZZLUWRR,940GZZLUGDG
northern,940GZZLUGDG,940GZZLUTCR
northern,940GZZLUTCR,940GZZLULSQ
northern,940GZZLULSQ,940GZZLUCHX
northern,940GZZLUCHX,940GZZLUEMB
northern,940GZZLUEMB,940GZZLUWLO
northern,940GZZLUWLO,940GZZLUKNG
northern,940GZZLUKNG,940GZZNEUGST
northern,940GZZNEUGST,940GZZBPSUST
northern,940GZZLUHBT,940GZZLUTAW
northern,940GZZLUTAW,940GZZLUWOP
northern,940GZZLUWOP,940GZZLUWFN
northern,940GZZLUWFN,940GZZLUFYC
northern,940GZZLUFYC,940GZZLUEFY
northern,940GZZLUEFY,940GZZLUHGT
northern,940GZZLUHGT,940GZZLUACY
northern,940GZZLUACY,940GZZLUTFP
northern,940GZZLUTFP,940GZZLUKSH
northern,940GZZLUKSH,940GZZLUCTN
northern,940GZZLUMHL,940GZZLUFYC
northern,940GZZLUMDN,940GZZLUSWN
northern,940GZZLUSWN,940GZZLUCSD
northern,940GZZLUCSD,940GZZLUTBY
northern,940GZZLUTBY,940GZZLUTBC
northern,940GZZLUTBC,940GZZLUBLM
northern,940GZZLUBLM,940GZZLUCPS
northern,940GZZLUCPS,940GZZLUCPC
northern,940GZZLUCPC,940GZZLUCPN
northern,940GZZLUCPN,940GZZLUSKW
northern,940GZZLUSKW,940GZZLUOVL
northern,940GZZLUOVL,940GZZLUKNG
northern,940GZZLUKNG,940GZZLUEAC
northern,940GZZLUEAC,940GZZLUBOR
northern,940GZZLUBOR,940GZZLULNB
northern,940GZZLULNB,940GZZLUBNK
northern,940GZZLUBNK,940GZZLUMGT
northern,940GZZLUMGT,940GZZLUODS
northern,940GZZLUODS,940GZZLUAGL
northern,940GZZLUAGL,940GZZLUKSX
northern,940GZZLUKSX,940GZZLUEUS
northern,940GZZLUEUS,940GZZLUCTN
northern,940GZZLUFYC,940GZZLUMHL
piccadilly,940GZZLUCKS,940GZZLUOAK
piccadilly,940GZZLUOAK,940GZZLUSGT
piccadilly,940GZZLUSGT,940GZZLUASG
piccadilly,940GZZLUASG,940GZZLUBDS
piccadilly,940GZZLUBDS,940GZZLUWOG
piccadilly,940GZZLUWOG,940GZZLUTPN
piccadilly,940GZZLUTPN,940GZZLUMRH
piccadilly,940GZZLUMRH,940GZZLUFPK
piccadilly,940GZZLUFPK,940GZZLUASL
piccadilly,940GZZLUASL,940GZZLUHWY
piccadilly,940GZZLUHWY,940GZZLUCAR
piccadilly,940GZZLUCAR,940GZZLUKSX
piccadilly,940GZZLUKSX,940GZZLURSQ
piccadilly,940GZZLURSQ,940GZZLUHBN
piccadilly,940GZZLUHBN,940GZZLUCGN
piccadilly,940GZZLUCGN,940GZZLULSQ
piccadilly,940GZZLULSQ,940GZZLUPCC
piccadilly,940GZZLUPCC,940GZZLUGPK
piccadilly,940GZZLUGPK,940GZZLUHPC
piccadilly,940GZZLUHPC,940GZZLUKNB
piccadilly,940GZZLUKNB,940GZZLUSKS
piccadilly,940GZZLUSKS,940GZZLUGTR
piccadilly,940GZZLUGTR,940GZZLUECT
piccadilly,940GZZLUECT,940GZZLUBSC
piccadilly,940GZZLUBSC,940GZZLUHSD
piccadilly,940GZZLUHSD,940GZZLUTNG
piccadilly,940GZZLUTNG,940GZZLUACT
piccadilly,940GZZLUACT,940GZZLUECM
piccadilly,940GZZLUECM,940GZZLUNEN
piccadilly,940GZZLUNEN,940GZZLUPKR
piccadilly,940GZZLUPKR,940GZZLUALP
piccadilly,940GZZLUALP,940GZZLUSUT
piccadilly,940GZZLUSUT,940GZZLUSUH
piccadilly,940GZZLUSUH,940GZZLUSHH
piccadilly,940GZZLUSHH,940GZZLURYL
piccadilly,940GZZLURYL,940GZZLUEAE
piccadilly,940GZZLUEAE,940GZZLURSM
piccadilly,940GZZLURSM,940GZZLURSP
piccadilly,940GZZLURSP,940GZZLUICK
piccadilly,940GZZLUICK,940GZZLUHGD
piccadilly,940GZZLUHGD,940GZZLUUXB
piccadilly,940GZZLUACT,940GZZLUSEA
piccadilly,940GZZLUSEA,940GZZLUNFD
piccadilly,940GZZLUNFD,940GZZLUBOS
piccadilly,940GZZLUBOS,940GZZLUOSY
piccadilly,940GZZLUOSY,940GZZLUHWE
piccadilly,940GZZLUHWE,940GZZLUHWC
piccadilly,940GZZLUHWC,940GZZLUHWT
piccadilly,940GZZLUHWT,940GZZLUHNX
piccadilly,940GZZLUHNX,940GZZLUHR4
piccadilly,940GZZLUHNX,940GZZLUHRC
piccadilly,940GZZLUHRC,940GZZLUHR5
piccadilly,940GZZLUHR4,940GZZLUHRC
piccadilly,940GZZLUHRC,940GZZLUHNX
piccadilly,940GZZLUHNX,940GZZLUHWT
piccadilly,940GZZLUHWT,940GZZLUHWC
piccadilly,940GZZLUHWC,940GZZLUHWE
piccadilly,940GZZLUHWE,940GZZLUOSY
piccadilly,940GZZLUOSY,940GZZLUBOS
piccadilly,940GZZLUBOS,940GZZLUNFD
piccadilly,940GZZLUNFD,940GZZLUSEA
piccadilly,940GZZLUSEA,940GZZLUACT
piccadilly,940GZZLUACT,940GZZLUTNG
piccadilly,940GZZLUTNG,940GZZLUHSD
piccadilly,940GZZLUHSD,940GZZLUBSC
piccadilly,940GZZLUBSC,940GZZLUECT
piccadilly,940GZZLUECT,940GZZLUGTR
piccadilly,940GZZLUGTR,940GZZLUSKS
piccadilly,940GZZLUSKS,940GZZLUKNB
piccadilly,940GZZLUKNB,940GZZLUHPC
piccadilly,940GZZLUHPC,940GZZLUGPK
piccadilly,940GZZLUGPK,940GZZLUPCC
piccadilly,940GZZLUPCC,940GZZLULSQ
piccadilly,940GZZLULSQ,940GZZLUCGN
piccadilly,940GZZLUCGN,940GZZLUHBN
piccadilly,940GZZLUHBN,940GZZLURSQ
piccadilly,940GZZLURSQ,940GZZLUKSX
piccadilly,940GZZLUKSX,940GZZLUCAR
piccadilly,940GZZLUCAR,940GZZLUHWY
piccadilly,940GZZLUHWY,940GZZLUASL
piccadilly,940GZZLUASL,940GZZLUFPK
piccadilly,940GZZLUFPK,940GZZLUMRH
piccadilly,940GZZLUMRH,940GZZLUTPN
piccadilly,940GZZLUTPN,940GZZLUWOG
piccadilly,940GZZLUWOG,940GZZLUBDS
piccadilly,940GZZLUBDS,940GZZLUASG
piccadilly,940GZZLUASG,940GZZLUSGT
piccadilly,940GZZLUSGT,940GZZLUOAK
piccadilly,940GZZLUOAK,940GZZLUCKS
piccadilly,940GZZLUHR5,940GZZLUHRC
piccadilly,940GZZLUUXB,940GZZLUHGD
piccadilly,940GZZLUHGD,940GZZLUICK
piccadilly,940GZZLUICK,940GZZLURSP
piccadilly,940GZZLURSP,940GZZLURSM
piccadilly,940GZZLURSM,940GZZLUEAE
piccadilly,940GZZLUEAE,940GZZLURYL
piccadilly,940GZZLURYL,940GZZLUSHH
piccadilly,940GZZLUSHH,940GZZLUSUH
piccadilly,940GZZLUSUH,940GZZLUSUT
piccadilly,940GZZLUSUT,940GZZLUALP
piccadilly,940GZZLUALP,940GZZLUPKR
piccadilly,940GZZLUPKR,940GZZLUNEN
piccadilly,940GZZLUNEN,940GZZLUECM
piccadilly,940GZZLUECM,940GZZLUACT
victoria,940GZZLUBXN,940GZZLUSKW
victoria,940GZZLUSKW,940GZZLUVXL
victoria,940GZZLUVXL,940GZZLUPCO
victoria,940GZZLUPCO,940GZZLUVIC
victoria,940GZZLUVIC,940GZZLUGPK
victoria,940GZZLUGPK,940GZZLUOXC
victoria,940GZZLUOXC,940GZZLUWRR
victoria,940GZZLUWRR,940GZZLUEUS
victoria,940GZZLUEUS,940GZZLUKSX
victoria,940GZZLUKSX,940GZZLUHAI
victoria,940GZZLUHAI,940GZZLUFPK
victoria,940GZZLUFPK,940GZZLUSVS
victoria,940GZZLUSVS,940GZZLUTMH
victoria,940GZZLUTMH,940GZZLUBLR
victoria,940GZZLUBLR,940GZZLUWWL
victoria,940GZZLUWWL,940GZZLUBLR
victoria,940GZZLUBLR,940GZZLUTMH
victoria,940GZZLUTMH,940GZZLUSVS
victoria,940GZZLUSVS,940GZZLUFPK
victoria,940GZZLUFPK,940GZZLUHAI
victoria,940GZZLUHAI,940GZZLUKSX
victoria,940GZZLUKSX,940GZZLUEUS
victoria,940GZZLUEUS,940GZZLUWRR
victoria,940GZZLUWRR,940GZZLUOXC
victoria,940GZZLUOXC,940GZZLUGPK
victoria,940GZZLUGPK,940GZZLUVIC
victoria,940GZZLUVIC,940GZZLUPCO
victoria,940GZZLUPCO,940GZZLUVXL
victoria,940GZZLUVXL,940GZZLUSKW
victoria,940GZZLUSKW,940GZZLUBXN
waterloo-city,940GZZLUBNK,940GZZLUWLO
waterloo-city,940GZZLUWLO,940GZZLUBNK
